,N epoch,device,progress,patience,epochs,verbose,geometric_dim,encoder_hidden_dim,encoder_depth,dropout,batch_norm,dense_activation,gnn_activation,gnn_depth,dense_depth,dense_dim,gnn_hidden_dim,model_seed,total_params,reduction,total_samples,use_folds,train_samples,train_folds,valid_samples,valid_folds,test_samples,test_folds,optimizer,lr,scheduler,scheduler_gamma,scheduler_step,loss_fn,pos_weight,loss_reduction,train_batch_size,train_shuffle,train_num_workers,valid_batch_size,valid_shuffle,valid_num_workers,test_batch_size,test_shuffle,test_num_workers,train_cumulated_loss,train_mean_loss,cumulated_loss,mean_loss,average_precision,roc_auc,tp,fp,fn,tn,f1,accuracy,balanced_accuracy,recall,precision,jaccard,At epoch
0,1,cuda,True,5,20,1,5,16,1,0.2,True,leakyrelu,leakyrelu,3,3,256,256,42,1407172,1,3930738,"[0, 1, 2, 3, 4, 5, 6, 7, 8, 9]",3125509,"[0, 1, 2, 3, 4, 5, 6, 7]",805229,"[8, 9]",805229,"[8, 9]",<class 'torch.optim.adam.Adam'>,0.0001,<class 'torch.optim.lr_scheduler.StepLR'>,0.8,1,<class 'torch.nn.modules.loss.BCEWithLogitsLoss'>,"tensor(10., device='cuda:0')",mean,256,True,0,256,True,0,256,True,0,9806.749,0.8031735420227051,2388.8042,0.7593148,0.4163280662262022,0.861940051785611,28151,51564,24214,701300,0.42627195639006665,0.9058926094316027,0.7345507226083579,0.5375919029886375,0.35314558113278555,0.27086761154249533,
1,2,cuda,True,5,20,1,5,16,1,0.2,True,leakyrelu,leakyrelu,3,3,256,256,42,1407172,1,3930738,"[0, 1, 2, 3, 4, 5, 6, 7, 8, 9]",3125509,"[0, 1, 2, 3, 4, 5, 6, 7]",805229,"[8, 9]",805229,"[8, 9]",<class 'torch.optim.adam.Adam'>,0.0001,<class 'torch.optim.lr_scheduler.StepLR'>,0.8,1,<class 'torch.nn.modules.loss.BCEWithLogitsLoss'>,"tensor(10., device='cuda:0')",mean,256,True,0,256,True,0,256,True,0,8718.196,0.7140209674835205,2347.367,0.74614334,0.43304046925017925,0.8692153372243021,29905,58513,22460,694351,0.42483822620628914,0.8994410285769638,0.7466835070014555,0.5710875584837201,0.33822298626976405,0.26971085337037104,
2,3,cuda,True,5,20,1,5,16,1,0.2,True,leakyrelu,leakyrelu,3,3,256,256,42,1407172,1,3930738,"[0, 1, 2, 3, 4, 5, 6, 7, 8, 9]",3125509,"[0, 1, 2, 3, 4, 5, 6, 7]",805229,"[8, 9]",805229,"[8, 9]",<class 'torch.optim.adam.Adam'>,0.0001,<class 'torch.optim.lr_scheduler.StepLR'>,0.8,1,<class 'torch.nn.modules.loss.BCEWithLogitsLoss'>,"tensor(10., device='cuda:0')",mean,256,True,0,256,True,0,256,True,0,8289.985,0.6789504885673523,2154.4473,0.6848211,0.48132354775345615,0.8853736140487163,33683,65971,18682,686893,0.44314197567409336,0.8948709000793563,0.7778041345433182,0.6432349852000382,0.33799947819455317,0.28463865603028665,
3,4,cuda,True,5,20,1,5,16,1,0.2,True,leakyrelu,leakyrelu,3,3,256,256,42,1407172,1,3930738,"[0, 1, 2, 3, 4, 5, 6, 7, 8, 9]",3125509,"[0, 1, 2, 3, 4, 5, 6, 7]",805229,"[8, 9]",805229,"[8, 9]",<class 'torch.optim.adam.Adam'>,0.0001,<class 'torch.optim.lr_scheduler.StepLR'>,0.8,1,<class 'torch.nn.modules.loss.BCEWithLogitsLoss'>,"tensor(10., device='cuda:0')",mean,256,True,0,256,True,0,256,True,0,7981.0815,0.653651237487793,2041.7588,0.64900154,0.4951380306408215,0.8895136607791984,38982,103237,13383,649627,0.4006701475969247,0.8551716344046227,0.8036514172490885,0.7444285305070181,0.2740983975418193,0.25052377218801813,
4,5,cuda,True,5,20,1,5,16,1,0.2,True,leakyrelu,leakyrelu,3,3,256,256,42,1407172,1,3930738,"[0, 1, 2, 3, 4, 5, 6, 7, 8, 9]",3125509,"[0, 1, 2, 3, 4, 5, 6, 7]",805229,"[8, 9]",805229,"[8, 9]",<class 'torch.optim.adam.Adam'>,0.0001,<class 'torch.optim.lr_scheduler.StepLR'>,0.8,1,<class 'torch.nn.modules.loss.BCEWithLogitsLoss'>,"tensor(10., device='cuda:0')",mean,256,True,0,256,True,0,256,True,0,7756.039,0.6352202296257019,2031.9479,0.64588296,0.5009417790499788,0.8925877363020336,37241,85765,15124,667099,0.42471104116416053,0.874707691849151,0.7986314075916345,0.7111811324357873,0.3027575890606962,0.2696083399695939,
5,6,cuda,True,5,20,1,5,16,1,0.2,True,leakyrelu,leakyrelu,3,3,256,256,42,1407172,1,3930738,"[0, 1, 2, 3, 4, 5, 6, 7, 8, 9]",3125509,"[0, 1, 2, 3, 4, 5, 6, 7]",805229,"[8, 9]",805229,"[8, 9]",<class 'torch.optim.adam.Adam'>,0.0001,<class 'torch.optim.lr_scheduler.StepLR'>,0.8,1,<class 'torch.nn.modules.loss.BCEWithLogitsLoss'>,"tensor(10., device='cuda:0')",mean,256,True,0,256,True,0,256,True,0,7570.648,0.6200366616249084,2012.2263,0.6396142,0.5090430075648571,0.8936737175298605,38883,98219,13482,654645,0.4104461462946054,0.8612804556219411,0.8060387365832002,0.742537954740762,0.283606366063223,0.2582146841629921,
6,7,cuda,True,5,20,1,5,16,1,0.2,True,leakyrelu,leakyrelu,3,3,256,256,42,1407172,1,3930738,"[0, 1, 2, 3, 4, 5, 6, 7, 8, 9]",3125509,"[0, 1, 2, 3, 4, 5, 6, 7]",805229,"[8, 9]",805229,"[8, 9]",<class 'torch.optim.adam.Adam'>,0.0001,<class 'torch.optim.lr_scheduler.StepLR'>,0.8,1,<class 'torch.nn.modules.loss.BCEWithLogitsLoss'>,"tensor(10., device='cuda:0')",mean,256,True,0,256,True,0,256,True,0,7410.456,0.6069169640541077,2049.2012,0.6513672,0.5127084787660802,0.8953875350423015,35605,71131,16760,681733,0.4475773250953797,0.8908496837545593,0.7927291734247803,0.6799388904802827,0.3335800479688203,0.2883089330828529,
7,8,cuda,True,5,20,1,5,16,1,0.2,True,leakyrelu,leakyrelu,3,3,256,256,42,1407172,1,3930738,"[0, 1, 2, 3, 4, 5, 6, 7, 8, 9]",3125509,"[0, 1, 2, 3, 4, 5, 6, 7]",805229,"[8, 9]",805229,"[8, 9]",<class 'torch.optim.adam.Adam'>,0.0001,<class 'torch.optim.lr_scheduler.StepLR'>,0.8,1,<class 'torch.nn.modules.loss.BCEWithLogitsLoss'>,"tensor(10., device='cuda:0')",mean,256,True,0,256,True,0,256,True,0,7298.377,0.5977376699447632,2011.0721,0.63924736,0.5182079621262603,0.8959075248162963,36751,77887,15614,674977,0.44012383011083633,0.8838827215611956,0.7991847306453908,0.7018237372290652,0.32058305273992915,0.28215305715075395,
8,9,cuda,True,5,20,1,5,16,1,0.2,True,leakyrelu,leakyrelu,3,3,256,256,42,1407172,1,3930738,"[0, 1, 2, 3, 4, 5, 6, 7, 8, 9]",3125509,"[0, 1, 2, 3, 4, 5, 6, 7]",805229,"[8, 9]",805229,"[8, 9]",<class 'torch.optim.adam.Adam'>,0.0001,<class 'torch.optim.lr_scheduler.StepLR'>,0.8,1,<class 'torch.nn.modules.loss.BCEWithLogitsLoss'>,"tensor(10., device='cuda:0')",mean,256,True,0,256,True,0,256,True,0,7191.104,0.5889520049095154,1953.0538,0.62080544,0.5276577259507983,0.9007787186846777,38497,87855,13868,665009,0.4308151994494088,0.8736719616407258,0.8092361179377959,0.7351666189248544,0.30468057490186146,0.27454714020824417,
9,10,cuda,True,5,20,1,5,16,1,0.2,True,leakyrelu,leakyrelu,3,3,256,256,42,1407172,1,3930738,"[0, 1, 2, 3, 4, 5, 6, 7, 8, 9]",3125509,"[0, 1, 2, 3, 4, 5, 6, 7]",805229,"[8, 9]",805229,"[8, 9]",<class 'torch.optim.adam.Adam'>,0.0001,<class 'torch.optim.lr_scheduler.StepLR'>,0.8,1,<class 'torch.nn.modules.loss.BCEWithLogitsLoss'>,"tensor(10., device='cuda:0')",mean,256,True,0,256,True,0,256,True,0,7111.1973,0.5824076533317566,1947.6035,0.619073,0.5276522507474078,0.9012067209016658,38796,90327,13569,662537,0.4275323988362867,0.8709733504381983,0.810449347534687,0.740876539673446,0.30045770312028064,0.27188630056345137,
10,11,cuda,True,5,20,1,5,16,1,0.2,True,leakyrelu,leakyrelu,3,3,256,256,42,1407172,1,3930738,"[0, 1, 2, 3, 4, 5, 6, 7, 8, 9]",3125509,"[0, 1, 2, 3, 4, 5, 6, 7]",805229,"[8, 9]",805229,"[8, 9]",<class 'torch.optim.adam.Adam'>,0.0001,<class 'torch.optim.lr_scheduler.StepLR'>,0.8,1,<class 'torch.nn.modules.loss.BCEWithLogitsLoss'>,"tensor(10., device='cuda:0')",mean,256,True,0,256,True,0,256,True,0,7054.5815,0.5777708292007446,1954.0005,0.6211063,0.5293115797984989,0.9010639212997968,38117,84739,14248,668125,0.4350734215647668,0.8770697528280775,0.8076771710712409,0.7279098634584169,0.3102575372794166,0.2780152293149726,
11,12,cuda,True,5,20,1,5,16,1,0.2,True,leakyrelu,leakyrelu,3,3,256,256,42,1407172,1,3930738,"[0, 1, 2, 3, 4, 5, 6, 7, 8, 9]",3125509,"[0, 1, 2, 3, 4, 5, 6, 7]",805229,"[8, 9]",805229,"[8, 9]",<class 'torch.optim.adam.Adam'>,0.0001,<class 'torch.optim.lr_scheduler.StepLR'>,0.8,1,<class 'torch.nn.modules.loss.BCEWithLogitsLoss'>,"tensor(10., device='cuda:0')",mean,256,True,0,256,True,0,256,True,0,6999.318,0.5732446908950806,1958.7573,0.6226184,0.5254301023308717,0.9008983491913383,37955,82396,14410,670468,0.43950763102434054,0.8797782990925562,0.8076863942868333,0.7248161940227251,0.3153692117223787,0.28164676723978005,
12,13,cuda,True,5,20,1,5,16,1,0.2,True,leakyrelu,leakyrelu,3,3,256,256,42,1407172,1,3930738,"[0, 1, 2, 3, 4, 5, 6, 7, 8, 9]",3125509,"[0, 1, 2, 3, 4, 5, 6, 7]",805229,"[8, 9]",805229,"[8, 9]",<class 'torch.optim.adam.Adam'>,0.0001,<class 'torch.optim.lr_scheduler.StepLR'>,0.8,1,<class 'torch.nn.modules.loss.BCEWithLogitsLoss'>,"tensor(10., device='cuda:0')",mean,256,True,0,256,True,0,256,True,0,6938.806,0.5682888031005859,1934.0867,0.61477643,0.5280574889620465,0.9022579628181522,39277,92608,13088,660256,0.4263446404341927,0.8687379614991512,0.8135272280380571,0.7500620643559629,0.2978124881525572,0.27092631041642234,
13,14,cuda,True,5,20,1,5,16,1,0.2,True,leakyrelu,leakyrelu,3,3,256,256,42,1407172,1,3930738,"[0, 1, 2, 3, 4, 5, 6, 7, 8, 9]",3125509,"[0, 1, 2, 3, 4, 5, 6, 7]",805229,"[8, 9]",805229,"[8, 9]",<class 'torch.optim.adam.Adam'>,0.0001,<class 'torch.optim.lr_scheduler.StepLR'>,0.8,1,<class 'torch.nn.modules.loss.BCEWithLogitsLoss'>,"tensor(10., device='cuda:0')",mean,256,True,0,256,True,0,256,True,0,6903.595,0.565405011177063,1946.6207,0.6187606,0.5324619915206832,0.9024339143242203,38109,83138,14256,669726,0.43901343225122685,0.8790480720391342,0.8086640572195817,0.7277570896591234,0.31430880764060143,0.28124100573419036,
14,15,cuda,True,5,20,1,5,16,1,0.2,True,leakyrelu,leakyrelu,3,3,256,256,42,1407172,1,3930738,"[0, 1, 2, 3, 4, 5, 6, 7, 8, 9]",3125509,"[0, 1, 2, 3, 4, 5, 6, 7]",805229,"[8, 9]",805229,"[8, 9]",<class 'torch.optim.adam.Adam'>,0.0001,<class 'torch.optim.lr_scheduler.StepLR'>,0.8,1,<class 'torch.nn.modules.loss.BCEWithLogitsLoss'>,"tensor(10., device='cuda:0')",mean,256,True,0,256,True,0,256,True,0,6871.946,0.5628129243850708,1942.7213,0.6175211,0.5344186711131707,0.902811297045384,38331,84028,14034,668836,0.4387605595110002,0.8782184943661989,0.8101927174744664,0.731996562589516,0.31326669881251074,0.2810334841230855,
15,16,cuda,True,5,20,1,5,16,1,0.2,True,leakyrelu,leakyrelu,3,3,256,256,42,1407172,1,3930738,"[0, 1, 2, 3, 4, 5, 6, 7, 8, 9]",3125509,"[0, 1, 2, 3, 4, 5, 6, 7]",805229,"[8, 9]",805229,"[8, 9]",<class 'torch.optim.adam.Adam'>,0.0001,<class 'torch.optim.lr_scheduler.StepLR'>,0.8,1,<class 'torch.nn.modules.loss.BCEWithLogitsLoss'>,"tensor(10., device='cuda:0')",mean,256,True,0,256,True,0,256,True,0,6845.0796,0.5606125593185425,1944.2683,0.6180128,0.5337306488235237,0.9024837447900558,37980,81804,14385,671060,0.441245665092449,0.8805445407455519,0.8083182686476724,0.725293612145517,0.3170707273091565,0.28307582228383604,
16,17,cuda,True,5,20,1,5,16,1,0.2,True,leakyrelu,leakyrelu,3,3,256,256,42,1407172,1,3930738,"[0, 1, 2, 3, 4, 5, 6, 7, 8, 9]",3125509,"[0, 1, 2, 3, 4, 5, 6, 7]",805229,"[8, 9]",805229,"[8, 9]",<class 'torch.optim.adam.Adam'>,0.0001,<class 'torch.optim.lr_scheduler.StepLR'>,0.8,1,<class 'torch.nn.modules.loss.BCEWithLogitsLoss'>,"tensor(10., device='cuda:0')",mean,256,True,0,256,True,0,256,True,0,6828.914,0.5592886209487915,2073.2583,0.6590141,0.5300559023318073,0.901640782579294,34392,59401,17973,693463,0.4706139930759863,0.9039105645723142,0.7889372613916394,0.6567745631624177,0.36667981619097373,0.30771433172879054,
17,18,cuda,True,5,20,1,5,16,1,0.2,True,leakyrelu,leakyrelu,3,3,256,256,42,1407172,1,3930738,"[0, 1, 2, 3, 4, 5, 6, 7, 8, 9]",3125509,"[0, 1, 2, 3, 4, 5, 6, 7]",805229,"[8, 9]",805229,"[8, 9]",<class 'torch.optim.adam.Adam'>,0.0001,<class 'torch.optim.lr_scheduler.StepLR'>,0.8,1,<class 'torch.nn.modules.loss.BCEWithLogitsLoss'>,"tensor(10., device='cuda:0')",mean,256,True,0,256,True,0,256,True,0,6809.146,0.5576696395874023,1919.2865,0.610072,0.5337974145257608,0.903219740632839,39791,96578,12574,656286,0.42166223361980354,0.8644460147361807,0.8157984879640248,0.7598777809605652,0.29178918962520806,0.2671558918512451,
18,19,cuda,True,5,20,1,5,16,1,0.2,True,leakyrelu,leakyrelu,3,3,256,256,42,1407172,1,3930738,"[0, 1, 2, 3, 4, 5, 6, 7, 8, 9]",3125509,"[0, 1, 2, 3, 4, 5, 6, 7]",805229,"[8, 9]",805229,"[8, 9]",<class 'torch.optim.adam.Adam'>,0.0001,<class 'torch.optim.lr_scheduler.StepLR'>,0.8,1,<class 'torch.nn.modules.loss.BCEWithLogitsLoss'>,"tensor(10., device='cuda:0')",mean,256,True,0,256,True,0,256,True,0,6796.1235,0.5566030740737915,1941.0142,0.6169784,0.5351452831046416,0.9031278801059445,38537,84735,13828,668129,0.43882553220562864,0.8775963111114975,0.811690139824987,0.7359304879213215,0.3126176260626906,0.2810867979576951,
19,20,cuda,True,5,20,1,5,16,1,0.2,True,leakyrelu,leakyrelu,3,3,256,256,42,1407172,1,3930738,"[0, 1, 2, 3, 4, 5, 6, 7, 8, 9]",3125509,"[0, 1, 2, 3, 4, 5, 6, 7]",805229,"[8, 9]",805229,"[8, 9]",<class 'torch.optim.adam.Adam'>,0.0001,<class 'torch.optim.lr_scheduler.StepLR'>,0.8,1,<class 'torch.nn.modules.loss.BCEWithLogitsLoss'>,"tensor(10., device='cuda:0')",mean,256,True,0,256,True,0,256,True,0,6790.617,0.5561521053314209,1939.5922,0.6165264,0.5339719600193559,0.9028551473556201,38621,86165,13744,666699,0.43602350537112405,0.8759247369381877,0.8115424955513385,0.7375346128139024,0.30949786033689675,0.27879159748790877,
20,-1,cuda,True,5,20,1,5,16,1,0.2,True,leakyrelu,leakyrelu,3,3,256,256,42,1407172,1,3930738,"[0, 1, 2, 3, 4, 5, 6, 7, 8, 9]",3125509,"[0, 1, 2, 3, 4, 5, 6, 7]",805229,"[8, 9]",805229,"[8, 9]",<class 'torch.optim.adam.Adam'>,0.0001,<class 'torch.optim.lr_scheduler.StepLR'>,0.8,1,<class 'torch.nn.modules.loss.BCEWithLogitsLoss'>,"tensor(10., device='cuda:0')",mean,256,True,0,256,True,0,256,True,0,,,1919.4543,0.61012536,0.5337974146134049,0.9032197412035614,39791,96578,12574,656286,0.42166223361980354,0.8644460147361807,0.8157984879640248,0.7598777809605652,0.29178918962520806,0.2671558918512451,18.0
0,1,cuda,True,5,20,1,5,16,1,0.2,True,leakyrelu,leakyrelu,3,3,256,256,42,1407172,1,3930738,"[0, 1, 2, 3, 4, 5, 6, 7, 8, 9]",3079575,"[0, 1, 2, 3, 4, 5, 8, 9]",851163,"[6, 7]",851163,"[6, 7]",<class 'torch.optim.adam.Adam'>,0.0001,<class 'torch.optim.lr_scheduler.StepLR'>,0.8,1,<class 'torch.nn.modules.loss.BCEWithLogitsLoss'>,"tensor(10., device='cuda:0')",mean,256,True,0,256,True,0,256,True,0,9640.391,0.8013624548912048,9315.204,2.8015652,0.3932852166587768,0.8596360113016988,29688,67039,21928,732508,0.4002615559884861,0.8954759546643827,0.7456621309220253,0.5751704897706138,0.3069256774220228,0.2502043740255362,
1,2,cuda,True,5,20,1,5,16,1,0.2,True,leakyrelu,leakyrelu,3,3,256,256,42,1407172,1,3930738,"[0, 1, 2, 3, 4, 5, 6, 7, 8, 9]",3079575,"[0, 1, 2, 3, 4, 5, 8, 9]",851163,"[6, 7]",851163,"[6, 7]",<class 'torch.optim.adam.Adam'>,0.0001,<class 'torch.optim.lr_scheduler.StepLR'>,0.8,1,<class 'torch.nn.modules.loss.BCEWithLogitsLoss'>,"tensor(10., device='cuda:0')",mean,256,True,0,256,True,0,256,True,0,8507.645,0.7072023749351501,10558.574,3.1755111,0.40182439752392896,0.8633665438277225,22970,35029,28646,764518,0.4191032249235962,0.9251905921662479,0.7006029954827312,0.4450170489770614,0.3960413110570872,0.2651047377228923,
2,3,cuda,True,5,20,1,5,16,1,0.2,True,leakyrelu,leakyrelu,3,3,256,256,42,1407172,1,3930738,"[0, 1, 2, 3, 4, 5, 6, 7, 8, 9]",3079575,"[0, 1, 2, 3, 4, 5, 8, 9]",851163,"[6, 7]",851163,"[6, 7]",<class 'torch.optim.adam.Adam'>,0.0001,<class 'torch.optim.lr_scheduler.StepLR'>,0.8,1,<class 'torch.nn.modules.loss.BCEWithLogitsLoss'>,"tensor(10., device='cuda:0')",mean,256,True,0,256,True,0,256,True,0,8080.646,0.6717078685760498,8861.919,2.6652389,0.4366091646722098,0.8729741216826163,30782,64953,20834,734594,0.4178051048177481,0.8992120193194488,0.7575641087393836,0.5963654680719157,0.32153339948817045,0.2640667759009685,
3,4,cuda,True,5,20,1,5,16,1,0.2,True,leakyrelu,leakyrelu,3,3,256,256,42,1407172,1,3930738,"[0, 1, 2, 3, 4, 5, 6, 7, 8, 9]",3079575,"[0, 1, 2, 3, 4, 5, 8, 9]",851163,"[6, 7]",851163,"[6, 7]",<class 'torch.optim.adam.Adam'>,0.0001,<class 'torch.optim.lr_scheduler.StepLR'>,0.8,1,<class 'torch.nn.modules.loss.BCEWithLogitsLoss'>,"tensor(10., device='cuda:0')",mean,256,True,0,256,True,0,256,True,0,7767.962,0.6457158923149109,10392.319,3.1255095,0.4404142250006065,0.8707596960489354,27708,47773,23908,751774,0.4360134385548046,0.9157846381950343,0.7385301039488719,0.536810291382517,0.36708575668048915,0.2787833663685116,
4,5,cuda,True,5,20,1,5,16,1,0.2,True,leakyrelu,leakyrelu,3,3,256,256,42,1407172,1,3930738,"[0, 1, 2, 3, 4, 5, 6, 7, 8, 9]",3079575,"[0, 1, 2, 3, 4, 5, 8, 9]",851163,"[6, 7]",851163,"[6, 7]",<class 'torch.optim.adam.Adam'>,0.0001,<class 'torch.optim.lr_scheduler.StepLR'>,0.8,1,<class 'torch.nn.modules.loss.BCEWithLogitsLoss'>,"tensor(10., device='cuda:0')",mean,256,True,0,256,True,0,256,True,0,7541.4453,0.6268865466117859,10002.863,3.00838,0.4774202398190713,0.8840501647596389,35527,87896,16089,711651,0.4059323922097361,0.8778318606424387,0.7891810391021431,0.6882943273403596,0.28784748385633147,0.2546519295831183,
5,6,cuda,True,5,20,1,5,16,1,0.2,True,leakyrelu,leakyrelu,3,3,256,256,42,1407172,1,3930738,"[0, 1, 2, 3, 4, 5, 6, 7, 8, 9]",3079575,"[0, 1, 2, 3, 4, 5, 8, 9]",851163,"[6, 7]",851163,"[6, 7]",<class 'torch.optim.adam.Adam'>,0.0001,<class 'torch.optim.lr_scheduler.StepLR'>,0.8,1,<class 'torch.nn.modules.loss.BCEWithLogitsLoss'>,"tensor(10., device='cuda:0')",mean,256,True,0,256,True,0,256,True,0,7350.0054,0.6109730005264282,5502.943,1.6550204,0.47990751615973837,0.8832971930182846,35832,91251,15784,708296,0.4010319028086335,0.8742485281902527,0.7900374863033397,0.6942033477991321,0.2819574608720285,0.25080669433809066,
6,7,cuda,True,5,20,1,5,16,1,0.2,True,leakyrelu,leakyrelu,3,3,256,256,42,1407172,1,3930738,"[0, 1, 2, 3, 4, 5, 6, 7, 8, 9]",3079575,"[0, 1, 2, 3, 4, 5, 8, 9]",851163,"[6, 7]",851163,"[6, 7]",<class 'torch.optim.adam.Adam'>,0.0001,<class 'torch.optim.lr_scheduler.StepLR'>,0.8,1,<class 'torch.nn.modules.loss.BCEWithLogitsLoss'>,"tensor(10., device='cuda:0')",mean,256,True,0,256,True,0,256,True,0,7194.342,0.5980334281921387,7418.1064,2.2310095,0.4827127348413311,0.8851664333620598,31898,61092,19718,738455,0.4411711823852399,0.9050593129635569,0.7707892023095135,0.617986670799752,0.34302613184213354,0.28301451538488837,
7,8,cuda,True,5,20,1,5,16,1,0.2,True,leakyrelu,leakyrelu,3,3,256,256,42,1407172,1,3930738,"[0, 1, 2, 3, 4, 5, 6, 7, 8, 9]",3079575,"[0, 1, 2, 3, 4, 5, 8, 9]",851163,"[6, 7]",851163,"[6, 7]",<class 'torch.optim.adam.Adam'>,0.0001,<class 'torch.optim.lr_scheduler.StepLR'>,0.8,1,<class 'torch.nn.modules.loss.BCEWithLogitsLoss'>,"tensor(10., device='cuda:0')",mean,256,True,0,256,True,0,256,True,0,7072.545,0.5879089832305908,4070.7349,1.2242812,0.4931887706769304,0.889250530191243,35115,78620,16501,720927,0.4247328410472268,0.8882458471526605,0.7909908132571086,0.6803123062616243,0.30874401019914716,0.2696259098866673,
8,9,cuda,True,5,20,1,5,16,1,0.2,True,leakyrelu,leakyrelu,3,3,256,256,42,1407172,1,3930738,"[0, 1, 2, 3, 4, 5, 6, 7, 8, 9]",3079575,"[0, 1, 2, 3, 4, 5, 8, 9]",851163,"[6, 7]",851163,"[6, 7]",<class 'torch.optim.adam.Adam'>,0.0001,<class 'torch.optim.lr_scheduler.StepLR'>,0.8,1,<class 'torch.nn.modules.loss.BCEWithLogitsLoss'>,"tensor(10., device='cuda:0')",mean,256,True,0,256,True,0,256,True,0,6971.7607,0.5795312523841858,7516.156,2.260498,0.4893862649799484,0.8881925528034643,34132,72499,17484,727048,0.43137626621673714,0.8942822937557201,0.7852963645790747,0.6612678239305642,0.32009453160900675,0.2750030213914515,
9,10,cuda,True,5,20,1,5,16,1,0.2,True,leakyrelu,leakyrelu,3,3,256,256,42,1407172,1,3930738,"[0, 1, 2, 3, 4, 5, 6, 7, 8, 9]",3079575,"[0, 1, 2, 3, 4, 5, 8, 9]",851163,"[6, 7]",851163,"[6, 7]",<class 'torch.optim.adam.Adam'>,0.0001,<class 'torch.optim.lr_scheduler.StepLR'>,0.8,1,<class 'torch.nn.modules.loss.BCEWithLogitsLoss'>,"tensor(10., device='cuda:0')",mean,256,True,0,256,True,0,256,True,0,6896.3,0.5732585191726685,6781.169,2.0394492,0.49053148973716654,0.8874926216575102,32964,65117,18652,734430,0.44040962744744383,0.9015828930533869,0.7785984074544672,0.638639181649101,0.33608955863011186,0.2823880136722264,
10,11,cuda,True,5,20,1,5,16,1,0.2,True,leakyrelu,leakyrelu,3,3,256,256,42,1407172,1,3930738,"[0, 1, 2, 3, 4, 5, 6, 7, 8, 9]",3079575,"[0, 1, 2, 3, 4, 5, 8, 9]",851163,"[6, 7]",851163,"[6, 7]",<class 'torch.optim.adam.Adam'>,0.0001,<class 'torch.optim.lr_scheduler.StepLR'>,0.8,1,<class 'torch.nn.modules.loss.BCEWithLogitsLoss'>,"tensor(10., device='cuda:0')",mean,256,True,0,256,True,0,256,True,0,6827.5156,0.5675407648086548,3981.0781,1.1973168,0.4936579762416438,0.8880653603626574,31721,57073,19895,742474,0.4518339149633217,0.9095731369902122,0.7715879158396715,0.614557501549907,0.35724260648242,0.29185106128495064,
11,12,cuda,True,5,20,1,5,16,1,0.2,True,leakyrelu,leakyrelu,3,3,256,256,42,1407172,1,3930738,"[0, 1, 2, 3, 4, 5, 6, 7, 8, 9]",3079575,"[0, 1, 2, 3, 4, 5, 8, 9]",851163,"[6, 7]",851163,"[6, 7]",<class 'torch.optim.adam.Adam'>,0.0001,<class 'torch.optim.lr_scheduler.StepLR'>,0.8,1,<class 'torch.nn.modules.loss.BCEWithLogitsLoss'>,"tensor(10., device='cuda:0')",mean,256,True,0,256,True,0,256,True,0,6769.7124,0.5627358555793762,2913.5361,0.87625146,0.4932222764670201,0.8885866244746209,33461,67693,18155,731854,0.4380572101852458,0.899140352670405,0.7818018939115277,0.6482679789212648,0.3307926527868399,0.2804566294244357,
12,13,cuda,True,5,20,1,5,16,1,0.2,True,leakyrelu,leakyrelu,3,3,256,256,42,1407172,1,3930738,"[0, 1, 2, 3, 4, 5, 6, 7, 8, 9]",3079575,"[0, 1, 2, 3, 4, 5, 8, 9]",851163,"[6, 7]",851163,"[6, 7]",<class 'torch.optim.adam.Adam'>,0.0001,<class 'torch.optim.lr_scheduler.StepLR'>,0.8,1,<class 'torch.nn.modules.loss.BCEWithLogitsLoss'>,"tensor(10., device='cuda:0')",mean,256,True,0,256,True,0,256,True,0,6721.2334,0.5587060451507568,3259.1545,0.98019683,0.49577131826808685,0.8888209481210373,33428,66909,18188,732638,0.439978151138839,0.9000226748578122,0.781972503211329,0.6476286422814631,0.33315726003368645,0.28203332630246786,
13,14,cuda,True,5,20,1,5,16,1,0.2,True,leakyrelu,leakyrelu,3,3,256,256,42,1407172,1,3930738,"[0, 1, 2, 3, 4, 5, 6, 7, 8, 9]",3079575,"[0, 1, 2, 3, 4, 5, 8, 9]",851163,"[6, 7]",851163,"[6, 7]",<class 'torch.optim.adam.Adam'>,0.0001,<class 'torch.optim.lr_scheduler.StepLR'>,0.8,1,<class 'torch.nn.modules.loss.BCEWithLogitsLoss'>,"tensor(10., device='cuda:0')",mean,256,True,0,256,True,0,256,True,0,6688.683,0.5560002326965332,5198.2637,1.5633875,0.4960638230312176,0.888178678958656,32942,63813,18674,735734,0.44404903923273414,0.9030890675464042,0.7792007569964189,0.6382129572225667,0.3404681928582502,0.28538755425413026,
14,15,cuda,True,5,20,1,5,16,1,0.2,True,leakyrelu,leakyrelu,3,3,256,256,42,1407172,1,3930738,"[0, 1, 2, 3, 4, 5, 6, 7, 8, 9]",3079575,"[0, 1, 2, 3, 4, 5, 8, 9]",851163,"[6, 7]",851163,"[6, 7]",<class 'torch.optim.adam.Adam'>,0.0001,<class 'torch.optim.lr_scheduler.StepLR'>,0.8,1,<class 'torch.nn.modules.loss.BCEWithLogitsLoss'>,"tensor(10., device='cuda:0')",mean,256,True,0,256,True,0,256,True,0,6651.111,0.5528770685195923,4071.1255,1.2243986,0.4978227157348896,0.8898620667055053,34253,72165,17363,727382,0.43348899603882707,0.8948168564658003,0.7866773500237031,0.6636120582765034,0.3218722396587044,0.2767225987833351,
15,16,cuda,True,5,20,1,5,16,1,0.2,True,leakyrelu,leakyrelu,3,3,256,256,42,1407172,1,3930738,"[0, 1, 2, 3, 4, 5, 6, 7, 8, 9]",3079575,"[0, 1, 2, 3, 4, 5, 8, 9]",851163,"[6, 7]",851163,"[6, 7]",<class 'torch.optim.adam.Adam'>,0.0001,<class 'torch.optim.lr_scheduler.StepLR'>,0.8,1,<class 'torch.nn.modules.loss.BCEWithLogitsLoss'>,"tensor(10., device='cuda:0')",mean,256,True,0,256,True,0,256,True,0,6627.9517,0.5509518980979919,4240.406,1.27531,0.4955842624609389,0.8886747037759627,33178,65228,18438,734319,0.44230846142565755,0.9017039039525919,0.7806019937685793,0.6427851828890266,0.3371542385626893,0.28395125124097087,
16,17,cuda,True,5,20,1,5,16,1,0.2,True,leakyrelu,leakyrelu,3,3,256,256,42,1407172,1,3930738,"[0, 1, 2, 3, 4, 5, 6, 7, 8, 9]",3079575,"[0, 1, 2, 3, 4, 5, 8, 9]",851163,"[6, 7]",851163,"[6, 7]",<class 'torch.optim.adam.Adam'>,0.0001,<class 'torch.optim.lr_scheduler.StepLR'>,0.8,1,<class 'torch.nn.modules.loss.BCEWithLogitsLoss'>,"tensor(10., device='cuda:0')",mean,256,True,0,256,True,0,256,True,0,6605.621,0.5490956902503967,3732.9565,1.1226937,0.496825715562211,0.8889405526913209,33679,68357,17937,731190,0.43838023585765235,0.8986163637282165,0.7834984070797394,0.6524914755114694,0.33006977929358267,0.28072149566985904,
17,-1,cuda,True,5,20,1,5,16,1,0.2,True,leakyrelu,leakyrelu,3,3,256,256,42,1407172,1,3930738,"[0, 1, 2, 3, 4, 5, 6, 7, 8, 9]",3079575,"[0, 1, 2, 3, 4, 5, 8, 9]",851163,"[6, 7]",851163,"[6, 7]",<class 'torch.optim.adam.Adam'>,0.0001,<class 'torch.optim.lr_scheduler.StepLR'>,0.8,1,<class 'torch.nn.modules.loss.BCEWithLogitsLoss'>,"tensor(10., device='cuda:0')",mean,256,True,0,256,True,0,256,True,0,,,2913.488,0.876237,0.49322225991580776,0.8885866220394035,33461,67693,18155,731854,0.4380572101852458,0.899140352670405,0.7818018939115277,0.6482679789212648,0.3307926527868399,0.2804566294244357,12.0
0,1,cuda,True,5,20,1,5,16,1,0.2,True,leakyrelu,leakyrelu,3,3,256,256,42,1407172,1,3930738,"[0, 1, 2, 3, 4, 5, 6, 7, 8, 9]",3200861,"[0, 1, 2, 3, 6, 7, 8, 9]",729877,"[4, 5]",729877,"[4, 5]",<class 'torch.optim.adam.Adam'>,0.0001,<class 'torch.optim.lr_scheduler.StepLR'>,0.8,1,<class 'torch.nn.modules.loss.BCEWithLogitsLoss'>,"tensor(10., device='cuda:0')",mean,256,True,0,256,True,0,256,True,0,9851.672,0.78788161277771,2146.4636,0.752617,0.40658374014690996,0.856919943512349,35584,113666,14714,565913,0.3566460200052118,0.8241073495945207,0.7701020409074548,0.7074635174360809,0.23841876046901173,0.21702324900587933,
1,2,cuda,True,5,20,1,5,16,1,0.2,True,leakyrelu,leakyrelu,3,3,256,256,42,1407172,1,3930738,"[0, 1, 2, 3, 4, 5, 6, 7, 8, 9]",3200861,"[0, 1, 2, 3, 6, 7, 8, 9]",729877,"[4, 5]",729877,"[4, 5]",<class 'torch.optim.adam.Adam'>,0.0001,<class 'torch.optim.lr_scheduler.StepLR'>,0.8,1,<class 'torch.nn.modules.loss.BCEWithLogitsLoss'>,"tensor(10., device='cuda:0')",mean,256,True,0,256,True,0,256,True,0,8921.587,0.7134986519813538,2101.1895,0.73674244,0.4247457901169097,0.8670829898491481,33323,82384,16975,597195,0.40146983524592633,0.8638688436544788,0.770641718149117,0.6625114318660782,0.28799467620800817,0.25114936464629717,
2,3,cuda,True,5,20,1,5,16,1,0.2,True,leakyrelu,leakyrelu,3,3,256,256,42,1407172,1,3930738,"[0, 1, 2, 3, 4, 5, 6, 7, 8, 9]",3200861,"[0, 1, 2, 3, 6, 7, 8, 9]",729877,"[4, 5]",729877,"[4, 5]",<class 'torch.optim.adam.Adam'>,0.0001,<class 'torch.optim.lr_scheduler.StepLR'>,0.8,1,<class 'torch.nn.modules.loss.BCEWithLogitsLoss'>,"tensor(10., device='cuda:0')",mean,256,True,0,256,True,0,256,True,0,8687.29,0.6947608590126038,1979.453,0.6940579,0.4813472408076221,0.8808345247906201,35920,88052,14378,591527,0.4122338899408963,0.8596612853946624,0.7922876250584265,0.7141437035269792,0.2897428451585842,0.25963136971449224,
3,4,cuda,True,5,20,1,5,16,1,0.2,True,leakyrelu,leakyrelu,3,3,256,256,42,1407172,1,3930738,"[0, 1, 2, 3, 4, 5, 6, 7, 8, 9]",3200861,"[0, 1, 2, 3, 6, 7, 8, 9]",729877,"[4, 5]",729877,"[4, 5]",<class 'torch.optim.adam.Adam'>,0.0001,<class 'torch.optim.lr_scheduler.StepLR'>,0.8,1,<class 'torch.nn.modules.loss.BCEWithLogitsLoss'>,"tensor(10., device='cuda:0')",mean,256,True,0,256,True,0,256,True,0,8354.75,0.6681661605834961,1897.3951,0.6652858,0.5105930540129413,0.8910366103265255,39380,111723,10918,567856,0.3910606203544173,0.8319703182865058,0.8092667012559043,0.7829337150582528,0.26061693017345783,0.2430549126347819,
4,5,cuda,True,5,20,1,5,16,1,0.2,True,leakyrelu,leakyrelu,3,3,256,256,42,1407172,1,3930738,"[0, 1, 2, 3, 4, 5, 6, 7, 8, 9]",3200861,"[0, 1, 2, 3, 6, 7, 8, 9]",729877,"[4, 5]",729877,"[4, 5]",<class 'torch.optim.adam.Adam'>,0.0001,<class 'torch.optim.lr_scheduler.StepLR'>,0.8,1,<class 'torch.nn.modules.loss.BCEWithLogitsLoss'>,"tensor(10., device='cuda:0')",mean,256,True,0,256,True,0,256,True,0,8119.2754,0.6493342518806458,1852.698,0.6496136,0.5282144253297009,0.8966152678842113,36579,80479,13719,599100,0.43713998900547335,0.8709398980924183,0.8044104133313177,0.7272456161278779,0.3124861179927899,0.27970514692950593,
5,6,cuda,True,5,20,1,5,16,1,0.2,True,leakyrelu,leakyrelu,3,3,256,256,42,1407172,1,3930738,"[0, 1, 2, 3, 4, 5, 6, 7, 8, 9]",3200861,"[0, 1, 2, 3, 6, 7, 8, 9]",729877,"[4, 5]",729877,"[4, 5]",<class 'torch.optim.adam.Adam'>,0.0001,<class 'torch.optim.lr_scheduler.StepLR'>,0.8,1,<class 'torch.nn.modules.loss.BCEWithLogitsLoss'>,"tensor(10., device='cuda:0')",mean,256,True,0,256,True,0,256,True,0,7940.0225,0.634998619556427,1861.6985,0.65276945,0.5338187836423145,0.8966406340735077,36387,76067,13911,603512,0.4471465788438852,0.8767216942032698,0.8057479161157237,0.7234283669330789,0.3235723051203159,0.28795156886796186,
6,7,cuda,True,5,20,1,5,16,1,0.2,True,leakyrelu,leakyrelu,3,3,256,256,42,1407172,1,3930738,"[0, 1, 2, 3, 4, 5, 6, 7, 8, 9]",3200861,"[0, 1, 2, 3, 6, 7, 8, 9]",729877,"[4, 5]",729877,"[4, 5]",<class 'torch.optim.adam.Adam'>,0.0001,<class 'torch.optim.lr_scheduler.StepLR'>,0.8,1,<class 'torch.nn.modules.loss.BCEWithLogitsLoss'>,"tensor(10., device='cuda:0')",mean,256,True,0,256,True,0,256,True,0,7798.5728,0.6236862540245056,1912.6307,0.6706279,0.5322291388349281,0.8911478495039845,37073,82721,13225,596858,0.4359170331350093,0.8685449740161698,0.8076715946906778,0.7370670802019961,0.3094729285273052,0.27870454596711747,
7,8,cuda,True,5,20,1,5,16,1,0.2,True,leakyrelu,leakyrelu,3,3,256,256,42,1407172,1,3930738,"[0, 1, 2, 3, 4, 5, 6, 7, 8, 9]",3200861,"[0, 1, 2, 3, 6, 7, 8, 9]",729877,"[4, 5]",729877,"[4, 5]",<class 'torch.optim.adam.Adam'>,0.0001,<class 'torch.optim.lr_scheduler.StepLR'>,0.8,1,<class 'torch.nn.modules.loss.BCEWithLogitsLoss'>,"tensor(10., device='cuda:0')",mean,256,True,0,256,True,0,256,True,0,7670.7573,0.6134642958641052,1848.7258,0.64822084,0.5447576458034329,0.9006913377620483,35331,64867,14967,614712,0.4695274293004465,0.8906199263711557,0.8034908767221891,0.7024334963616844,0.35261182857941276,0.30678591585985326,
8,9,cuda,True,5,20,1,5,16,1,0.2,True,leakyrelu,leakyrelu,3,3,256,256,42,1407172,1,3930738,"[0, 1, 2, 3, 4, 5, 6, 7, 8, 9]",3200861,"[0, 1, 2, 3, 6, 7, 8, 9]",729877,"[4, 5]",729877,"[4, 5]",<class 'torch.optim.adam.Adam'>,0.0001,<class 'torch.optim.lr_scheduler.StepLR'>,0.8,1,<class 'torch.nn.modules.loss.BCEWithLogitsLoss'>,"tensor(10., device='cuda:0')",mean,256,True,0,256,True,0,256,True,0,7579.4824,0.6061646342277527,1857.4175,0.6512684,0.539277625675611,0.8960067099924205,36581,78949,13717,600630,0.4411920785392093,0.8730388818937985,0.8055559917763806,0.7272853791403237,0.3166363715052367,0.2830317144691946,
9,10,cuda,True,5,20,1,5,16,1,0.2,True,leakyrelu,leakyrelu,3,3,256,256,42,1407172,1,3930738,"[0, 1, 2, 3, 4, 5, 6, 7, 8, 9]",3200861,"[0, 1, 2, 3, 6, 7, 8, 9]",729877,"[4, 5]",729877,"[4, 5]",<class 'torch.optim.adam.Adam'>,0.0001,<class 'torch.optim.lr_scheduler.StepLR'>,0.8,1,<class 'torch.nn.modules.loss.BCEWithLogitsLoss'>,"tensor(10., device='cuda:0')",mean,256,True,0,256,True,0,256,True,0,7515.762,0.6010686159133911,1802.1031,0.6318735,0.5543606038830635,0.9016770452485898,37764,82067,12534,597512,0.4439454766677051,0.8703877502647707,0.8150218353508254,0.750805201002028,0.315143827557143,0.28530200581724774,
10,11,cuda,True,5,20,1,5,16,1,0.2,True,leakyrelu,leakyrelu,3,3,256,256,42,1407172,1,3930738,"[0, 1, 2, 3, 4, 5, 6, 7, 8, 9]",3200861,"[0, 1, 2, 3, 6, 7, 8, 9]",729877,"[4, 5]",729877,"[4, 5]",<class 'torch.optim.adam.Adam'>,0.0001,<class 'torch.optim.lr_scheduler.StepLR'>,0.8,1,<class 'torch.nn.modules.loss.BCEWithLogitsLoss'>,"tensor(10., device='cuda:0')",mean,256,True,0,256,True,0,256,True,0,7440.026,0.5950116515159607,1818.3663,0.63757586,0.5561470002344949,0.8997814261793604,37069,77092,13229,602487,0.45079928736037556,0.87625175200753,0.811773366363677,0.7369875541771045,0.3247080877007034,0.2909883036345082,
11,12,cuda,True,5,20,1,5,16,1,0.2,True,leakyrelu,leakyrelu,3,3,256,256,42,1407172,1,3930738,"[0, 1, 2, 3, 4, 5, 6, 7, 8, 9]",3200861,"[0, 1, 2, 3, 6, 7, 8, 9]",729877,"[4, 5]",729877,"[4, 5]",<class 'torch.optim.adam.Adam'>,0.0001,<class 'torch.optim.lr_scheduler.StepLR'>,0.8,1,<class 'torch.nn.modules.loss.BCEWithLogitsLoss'>,"tensor(10., device='cuda:0')",mean,256,True,0,256,True,0,256,True,0,7380.6963,0.5902668237686157,1795.9734,0.6297242,0.5599024468615962,0.9020828695655365,37982,82885,12316,596694,0.4438056845733649,0.8695656939456922,0.8165870763291416,0.7551393693586226,0.31424623760000664,0.2851865478326813,
12,13,cuda,True,5,20,1,5,16,1,0.2,True,leakyrelu,leakyrelu,3,3,256,256,42,1407172,1,3930738,"[0, 1, 2, 3, 4, 5, 6, 7, 8, 9]",3200861,"[0, 1, 2, 3, 6, 7, 8, 9]",729877,"[4, 5]",729877,"[4, 5]",<class 'torch.optim.adam.Adam'>,0.0001,<class 'torch.optim.lr_scheduler.StepLR'>,0.8,1,<class 'torch.nn.modules.loss.BCEWithLogitsLoss'>,"tensor(10., device='cuda:0')",mean,256,True,0,256,True,0,256,True,0,7335.6313,0.586662769317627,1814.4176,0.6361913,0.5585043705198268,0.9002982786529662,37572,80926,12726,598653,0.44517642598165835,0.8716879693427797,0.8139527010849399,0.7469879518072289,0.31706864250873434,0.28631957568737426,
13,14,cuda,True,5,20,1,5,16,1,0.2,True,leakyrelu,leakyrelu,3,3,256,256,42,1407172,1,3930738,"[0, 1, 2, 3, 4, 5, 6, 7, 8, 9]",3200861,"[0, 1, 2, 3, 6, 7, 8, 9]",729877,"[4, 5]",729877,"[4, 5]",<class 'torch.optim.adam.Adam'>,0.0001,<class 'torch.optim.lr_scheduler.StepLR'>,0.8,1,<class 'torch.nn.modules.loss.BCEWithLogitsLoss'>,"tensor(10., device='cuda:0')",mean,256,True,0,256,True,0,256,True,0,7297.2334,0.5835919380187988,1822.4443,0.6390057,0.5558798424602472,0.8998451815956131,37437,78951,12861,600628,0.44919189374032614,0.8742089420546202,0.8140638049405203,0.7443039484671359,0.321656871842458,0.2896502100596523,
14,15,cuda,True,5,20,1,5,16,1,0.2,True,leakyrelu,leakyrelu,3,3,256,256,42,1407172,1,3930738,"[0, 1, 2, 3, 4, 5, 6, 7, 8, 9]",3200861,"[0, 1, 2, 3, 6, 7, 8, 9]",729877,"[4, 5]",729877,"[4, 5]",<class 'torch.optim.adam.Adam'>,0.0001,<class 'torch.optim.lr_scheduler.StepLR'>,0.8,1,<class 'torch.nn.modules.loss.BCEWithLogitsLoss'>,"tensor(10., device='cuda:0')",mean,256,True,0,256,True,0,256,True,0,7262.468,0.5808115601539612,1809.7075,0.6345398,0.5576582231618085,0.9003184024542491,37978,84475,12320,595104,0.4396848643423193,0.8673817643246738,0.8153774713998619,0.755059843333731,0.3101434836222877,0.2817923471318439,
15,16,cuda,True,5,20,1,5,16,1,0.2,True,leakyrelu,leakyrelu,3,3,256,256,42,1407172,1,3930738,"[0, 1, 2, 3, 4, 5, 6, 7, 8, 9]",3200861,"[0, 1, 2, 3, 6, 7, 8, 9]",729877,"[4, 5]",729877,"[4, 5]",<class 'torch.optim.adam.Adam'>,0.0001,<class 'torch.optim.lr_scheduler.StepLR'>,0.8,1,<class 'torch.nn.modules.loss.BCEWithLogitsLoss'>,"tensor(10., device='cuda:0')",mean,256,True,0,256,True,0,256,True,0,7247.731,0.5796329975128174,1823.2817,0.63929933,0.5554310259367335,0.8992083692386337,37410,80452,12888,599127,0.4449333967649857,0.8721154386287004,0.8126910444070345,0.7437671477991172,0.31740510088069096,0.2861185468451243,
16,17,cuda,True,5,20,1,5,16,1,0.2,True,leakyrelu,leakyrelu,3,3,256,256,42,1407172,1,3930738,"[0, 1, 2, 3, 4, 5, 6, 7, 8, 9]",3200861,"[0, 1, 2, 3, 6, 7, 8, 9]",729877,"[4, 5]",729877,"[4, 5]",<class 'torch.optim.adam.Adam'>,0.0001,<class 'torch.optim.lr_scheduler.StepLR'>,0.8,1,<class 'torch.nn.modules.loss.BCEWithLogitsLoss'>,"tensor(10., device='cuda:0')",mean,256,True,0,256,True,0,256,True,0,7227.638,0.5780261158943176,1814.2294,0.6361253,0.5577766531969781,0.8998419335487113,37903,84957,12395,594622,0.43778514420355974,0.8666186220417961,0.8142772835932864,0.7535687303670126,0.30850561614846167,0.280233632767735,
17,-1,cuda,True,5,20,1,5,16,1,0.2,True,leakyrelu,leakyrelu,3,3,256,256,42,1407172,1,3930738,"[0, 1, 2, 3, 4, 5, 6, 7, 8, 9]",3200861,"[0, 1, 2, 3, 6, 7, 8, 9]",729877,"[4, 5]",729877,"[4, 5]",<class 'torch.optim.adam.Adam'>,0.0001,<class 'torch.optim.lr_scheduler.StepLR'>,0.8,1,<class 'torch.nn.modules.loss.BCEWithLogitsLoss'>,"tensor(10., device='cuda:0')",mean,256,True,0,256,True,0,256,True,0,,,1796.2368,0.62981653,0.5599024456992149,0.9020828697264425,37982,82885,12316,596694,0.4438056845733649,0.8695656939456922,0.8165870763291416,0.7551393693586226,0.31424623760000664,0.2851865478326813,12.0
0,1,cuda,True,5,20,1,5,16,1,0.2,True,leakyrelu,leakyrelu,3,3,256,256,42,1407172,1,3930738,"[0, 1, 2, 3, 4, 5, 6, 7, 8, 9]",3188591,"[0, 1, 4, 5, 6, 7, 8, 9]",742147,"[2, 3]",742147,"[2, 3]",<class 'torch.optim.adam.Adam'>,0.0001,<class 'torch.optim.lr_scheduler.StepLR'>,0.8,1,<class 'torch.nn.modules.loss.BCEWithLogitsLoss'>,"tensor(10., device='cuda:0')",mean,256,True,0,256,True,0,256,True,0,9865.671,0.7920416593551636,2203.2905,0.7597554,0.3735623634905926,0.858112729257043,32892,88475,18054,602726,0.38177038296588184,0.8564583566328504,0.758811469451419,0.6456247791779531,0.2710127135053186,0.23591854885562433,
1,2,cuda,True,5,20,1,5,16,1,0.2,True,leakyrelu,leakyrelu,3,3,256,256,42,1407172,1,3930738,"[0, 1, 2, 3, 4, 5, 6, 7, 8, 9]",3188591,"[0, 1, 4, 5, 6, 7, 8, 9]",742147,"[2, 3]",742147,"[2, 3]",<class 'torch.optim.adam.Adam'>,0.0001,<class 'torch.optim.lr_scheduler.StepLR'>,0.8,1,<class 'torch.nn.modules.loss.BCEWithLogitsLoss'>,"tensor(10., device='cuda:0')",mean,256,True,0,256,True,0,256,True,0,8744.169,0.7020045518875122,2201.6494,0.7591894,0.4144240047182445,0.8723995892031369,30852,64199,20094,627002,0.42263882134564407,0.886420075807084,0.756351009017647,0.6055823813449535,0.3245836445697573,0.26794042294498244,
2,3,cuda,True,5,20,1,5,16,1,0.2,True,leakyrelu,leakyrelu,3,3,256,256,42,1407172,1,3930738,"[0, 1, 2, 3, 4, 5, 6, 7, 8, 9]",3188591,"[0, 1, 4, 5, 6, 7, 8, 9]",742147,"[2, 3]",742147,"[2, 3]",<class 'torch.optim.adam.Adam'>,0.0001,<class 'torch.optim.lr_scheduler.StepLR'>,0.8,1,<class 'torch.nn.modules.loss.BCEWithLogitsLoss'>,"tensor(10., device='cuda:0')",mean,256,True,0,256,True,0,256,True,0,8317.993,0.6677900552749634,2068.5874,0.713306,0.4283535650361869,0.873598680560486,36570,102586,14376,588615,0.3847408233474661,0.8424004947806836,0.7847009181945139,0.7178188670356849,0.26279858575986664,0.23819138681186983,
3,4,cuda,True,5,20,1,5,16,1,0.2,True,leakyrelu,leakyrelu,3,3,256,256,42,1407172,1,3930738,"[0, 1, 2, 3, 4, 5, 6, 7, 8, 9]",3188591,"[0, 1, 4, 5, 6, 7, 8, 9]",742147,"[2, 3]",742147,"[2, 3]",<class 'torch.optim.adam.Adam'>,0.0001,<class 'torch.optim.lr_scheduler.StepLR'>,0.8,1,<class 'torch.nn.modules.loss.BCEWithLogitsLoss'>,"tensor(10., device='cuda:0')",mean,256,True,0,256,True,0,256,True,0,8021.129,0.6439570188522339,2020.3583,0.69667524,0.4498499568909164,0.8832720923546631,35270,83820,15676,607381,0.41485332517819756,0.8659349158589875,0.7855172335318272,0.6923016527303419,0.29616256612645897,0.26171289494382854,
4,5,cuda,True,5,20,1,5,16,1,0.2,True,leakyrelu,leakyrelu,3,3,256,256,42,1407172,1,3930738,"[0, 1, 2, 3, 4, 5, 6, 7, 8, 9]",3188591,"[0, 1, 4, 5, 6, 7, 8, 9]",742147,"[2, 3]",742147,"[2, 3]",<class 'torch.optim.adam.Adam'>,0.0001,<class 'torch.optim.lr_scheduler.StepLR'>,0.8,1,<class 'torch.nn.modules.loss.BCEWithLogitsLoss'>,"tensor(10., device='cuda:0')",mean,256,True,0,256,True,0,256,True,0,7780.0854,0.6246054768562317,2000.7004,0.6898967,0.4543026227160009,0.8854458116861184,35916,85739,15030,605462,0.41617371857636976,0.8642196222581241,0.7904691163544647,0.7049817453774585,0.2952283095639308,0.26276475106997843,
5,6,cuda,True,5,20,1,5,16,1,0.2,True,leakyrelu,leakyrelu,3,3,256,256,42,1407172,1,3930738,"[0, 1, 2, 3, 4, 5, 6, 7, 8, 9]",3188591,"[0, 1, 4, 5, 6, 7, 8, 9]",742147,"[2, 3]",742147,"[2, 3]",<class 'torch.optim.adam.Adam'>,0.0001,<class 'torch.optim.lr_scheduler.StepLR'>,0.8,1,<class 'torch.nn.modules.loss.BCEWithLogitsLoss'>,"tensor(10., device='cuda:0')",mean,256,True,0,256,True,0,256,True,0,7618.819,0.6116585731506348,1980.3588,0.6828823,0.46725448518996837,0.8884202589421766,35498,79442,15448,611759,0.4279806614180823,0.8721412334753088,0.7909218483768441,0.6967769795469713,0.30883939446667824,0.27224897996748165,
6,7,cuda,True,5,20,1,5,16,1,0.2,True,leakyrelu,leakyrelu,3,3,256,256,42,1407172,1,3930738,"[0, 1, 2, 3, 4, 5, 6, 7, 8, 9]",3188591,"[0, 1, 4, 5, 6, 7, 8, 9]",742147,"[2, 3]",742147,"[2, 3]",<class 'torch.optim.adam.Adam'>,0.0001,<class 'torch.optim.lr_scheduler.StepLR'>,0.8,1,<class 'torch.nn.modules.loss.BCEWithLogitsLoss'>,"tensor(10., device='cuda:0')",mean,256,True,0,256,True,0,256,True,0,7464.3325,0.5992559790611267,1999.1919,0.68937653,0.4676222011509537,0.8888355825683852,34933,75575,16013,615626,0.43273006552950066,0.8765904867903529,0.7881740664027801,0.6856868056373415,0.31611286060737687,0.27610436212170314,
7,8,cuda,True,5,20,1,5,16,1,0.2,True,leakyrelu,leakyrelu,3,3,256,256,42,1407172,1,3930738,"[0, 1, 2, 3, 4, 5, 6, 7, 8, 9]",3188591,"[0, 1, 4, 5, 6, 7, 8, 9]",742147,"[2, 3]",742147,"[2, 3]",<class 'torch.optim.adam.Adam'>,0.0001,<class 'torch.optim.lr_scheduler.StepLR'>,0.8,1,<class 'torch.nn.modules.loss.BCEWithLogitsLoss'>,"tensor(10., device='cuda:0')",mean,256,True,0,256,True,0,256,True,0,7361.8643,0.5910295844078064,1948.5757,0.6719226,0.4795051317304495,0.8924627262578005,36896,86710,14050,604491,0.42275081351116,0.8642317492356636,0.7993847426807743,0.7242177992384093,0.2984968367231364,0.26803045272272913,
8,9,cuda,True,5,20,1,5,16,1,0.2,True,leakyrelu,leakyrelu,3,3,256,256,42,1407172,1,3930738,"[0, 1, 2, 3, 4, 5, 6, 7, 8, 9]",3188591,"[0, 1, 4, 5, 6, 7, 8, 9]",742147,"[2, 3]",742147,"[2, 3]",<class 'torch.optim.adam.Adam'>,0.0001,<class 'torch.optim.lr_scheduler.StepLR'>,0.8,1,<class 'torch.nn.modules.loss.BCEWithLogitsLoss'>,"tensor(10., device='cuda:0')",mean,256,True,0,256,True,0,256,True,0,7253.6025,0.5823380351066589,1953.5349,0.67363274,0.4835595950237125,0.8931419493413282,36795,84014,14151,607187,0.4284591423830456,0.8677283610928832,0.8003437257081139,0.722235307973148,0.3045716792623066,0.27263633669235326,
9,10,cuda,True,5,20,1,5,16,1,0.2,True,leakyrelu,leakyrelu,3,3,256,256,42,1407172,1,3930738,"[0, 1, 2, 3, 4, 5, 6, 7, 8, 9]",3188591,"[0, 1, 4, 5, 6, 7, 8, 9]",742147,"[2, 3]",742147,"[2, 3]",<class 'torch.optim.adam.Adam'>,0.0001,<class 'torch.optim.lr_scheduler.StepLR'>,0.8,1,<class 'torch.nn.modules.loss.BCEWithLogitsLoss'>,"tensor(10., device='cuda:0')",mean,256,True,0,256,True,0,256,True,0,7179.634,0.5763996243476868,1920.6672,0.66229904,0.4869464442509468,0.8961046505910395,37013,84057,13933,607144,0.4303436889591666,0.8679641634339289,0.8024521407054126,0.7265143485258901,0.30571570166019657,0.274164277830863,
10,11,cuda,True,5,20,1,5,16,1,0.2,True,leakyrelu,leakyrelu,3,3,256,256,42,1407172,1,3930738,"[0, 1, 2, 3, 4, 5, 6, 7, 8, 9]",3188591,"[0, 1, 4, 5, 6, 7, 8, 9]",742147,"[2, 3]",742147,"[2, 3]",<class 'torch.optim.adam.Adam'>,0.0001,<class 'torch.optim.lr_scheduler.StepLR'>,0.8,1,<class 'torch.nn.modules.loss.BCEWithLogitsLoss'>,"tensor(10., device='cuda:0')",mean,256,True,0,256,True,0,256,True,0,7108.969,0.5707265138626099,1896.6012,0.6540004,0.4876168772763867,0.8961255492405382,38148,92881,12798,598320,0.41926638274488254,0.8576036822893578,0.8072082935639607,0.7487928394770934,0.2911416556640133,0.2652353174299679,
11,12,cuda,True,5,20,1,5,16,1,0.2,True,leakyrelu,leakyrelu,3,3,256,256,42,1407172,1,3930738,"[0, 1, 2, 3, 4, 5, 6, 7, 8, 9]",3188591,"[0, 1, 4, 5, 6, 7, 8, 9]",742147,"[2, 3]",742147,"[2, 3]",<class 'torch.optim.adam.Adam'>,0.0001,<class 'torch.optim.lr_scheduler.StepLR'>,0.8,1,<class 'torch.nn.modules.loss.BCEWithLogitsLoss'>,"tensor(10., device='cuda:0')",mean,256,True,0,256,True,0,256,True,0,7050.3716,0.5660220980644226,1906.0287,0.6572513,0.48612244614865774,0.8958040626657933,37512,88747,13434,602454,0.4233740582940662,0.862317034226373,0.803956837434778,0.7363090330938641,0.29710357281461125,0.2685317088186237,
12,13,cuda,True,5,20,1,5,16,1,0.2,True,leakyrelu,leakyrelu,3,3,256,256,42,1407172,1,3930738,"[0, 1, 2, 3, 4, 5, 6, 7, 8, 9]",3188591,"[0, 1, 4, 5, 6, 7, 8, 9]",742147,"[2, 3]",742147,"[2, 3]",<class 'torch.optim.adam.Adam'>,0.0001,<class 'torch.optim.lr_scheduler.StepLR'>,0.8,1,<class 'torch.nn.modules.loss.BCEWithLogitsLoss'>,"tensor(10., device='cuda:0')",mean,256,True,0,256,True,0,256,True,0,7006.506,0.5625004768371582,1901.2947,0.65561885,0.4890129426873193,0.8967614628676401,38045,91879,12901,599322,0.4206888925747775,0.8588150326013579,0.8069222446451825,0.7467710909590547,0.2928250361749946,0.2663749343602311,
13,14,cuda,True,5,20,1,5,16,1,0.2,True,leakyrelu,leakyrelu,3,3,256,256,42,1407172,1,3930738,"[0, 1, 2, 3, 4, 5, 6, 7, 8, 9]",3188591,"[0, 1, 4, 5, 6, 7, 8, 9]",742147,"[2, 3]",742147,"[2, 3]",<class 'torch.optim.adam.Adam'>,0.0001,<class 'torch.optim.lr_scheduler.StepLR'>,0.8,1,<class 'torch.nn.modules.loss.BCEWithLogitsLoss'>,"tensor(10., device='cuda:0')",mean,256,True,0,256,True,0,256,True,0,6965.8716,0.5592382550239563,1920.0427,0.6620837,0.48998613490669346,0.8958890580590246,37018,83297,13928,607904,0.43229923917295826,0.8689949565247855,0.8030509799945214,0.7266124916578338,0.30767568466109796,0.2757536705824512,
14,15,cuda,True,5,20,1,5,16,1,0.2,True,leakyrelu,leakyrelu,3,3,256,256,42,1407172,1,3930738,"[0, 1, 2, 3, 4, 5, 6, 7, 8, 9]",3188591,"[0, 1, 4, 5, 6, 7, 8, 9]",742147,"[2, 3]",742147,"[2, 3]",<class 'torch.optim.adam.Adam'>,0.0001,<class 'torch.optim.lr_scheduler.StepLR'>,0.8,1,<class 'torch.nn.modules.loss.BCEWithLogitsLoss'>,"tensor(10., device='cuda:0')",mean,256,True,0,256,True,0,256,True,0,6940.311,0.5571861863136292,1899.7512,0.65508664,0.4904346927296834,0.8969988338999227,37787,88160,13159,603041,0.42723002040781716,0.8634785291862663,0.8070803967914928,0.7417069053507636,0.3000230255583698,0.2716417695857835,
15,16,cuda,True,5,20,1,5,16,1,0.2,True,leakyrelu,leakyrelu,3,3,256,256,42,1407172,1,3930738,"[0, 1, 2, 3, 4, 5, 6, 7, 8, 9]",3188591,"[0, 1, 4, 5, 6, 7, 8, 9]",742147,"[2, 3]",742147,"[2, 3]",<class 'torch.optim.adam.Adam'>,0.0001,<class 'torch.optim.lr_scheduler.StepLR'>,0.8,1,<class 'torch.nn.modules.loss.BCEWithLogitsLoss'>,"tensor(10., device='cuda:0')",mean,256,True,0,256,True,0,256,True,0,6918.5312,0.5554376244544983,1916.9592,0.6610204,0.48833967546239176,0.896057889077053,37305,85157,13641,606044,0.4302569662299317,0.8668754303392724,0.8045222037167841,0.732245907431398,0.3046251081968284,0.2740938847784399,
16,-1,cuda,True,5,20,1,5,16,1,0.2,True,leakyrelu,leakyrelu,3,3,256,256,42,1407172,1,3930738,"[0, 1, 2, 3, 4, 5, 6, 7, 8, 9]",3188591,"[0, 1, 4, 5, 6, 7, 8, 9]",742147,"[2, 3]",742147,"[2, 3]",<class 'torch.optim.adam.Adam'>,0.0001,<class 'torch.optim.lr_scheduler.StepLR'>,0.8,1,<class 'torch.nn.modules.loss.BCEWithLogitsLoss'>,"tensor(10., device='cuda:0')",mean,256,True,0,256,True,0,256,True,0,,,1898.5348,0.6546672,0.48761686238284113,0.8961255480478284,38148,92881,12798,598320,0.41926638274488254,0.8576036822893578,0.8072082935639607,0.7487928394770934,0.2911416556640133,0.2652353174299679,11.0
0,1,cuda,True,5,20,1,5,16,1,0.2,True,leakyrelu,leakyrelu,3,3,256,256,42,1407172,1,3930738,"[0, 1, 2, 3, 4, 5, 6, 7, 8, 9]",3128416,"[2, 3, 4, 5, 6, 7, 8, 9]",802322,"[0, 1]",802322,"[0, 1]",<class 'torch.optim.adam.Adam'>,0.0001,<class 'torch.optim.lr_scheduler.StepLR'>,0.8,1,<class 'torch.nn.modules.loss.BCEWithLogitsLoss'>,"tensor(10., device='cuda:0')",mean,256,True,0,256,True,0,256,True,0,9830.339,0.8043808937072754,2300.3447,0.73376226,0.38459198710581244,0.854762598668248,30964,80797,19629,670932,0.381438092070414,0.8748308035925726,0.752269936680692,0.6120214258889569,0.27705550236665744,0.23566481467387168,
1,2,cuda,True,5,20,1,5,16,1,0.2,True,leakyrelu,leakyrelu,3,3,256,256,42,1407172,1,3930738,"[0, 1, 2, 3, 4, 5, 6, 7, 8, 9]",3128416,"[2, 3, 4, 5, 6, 7, 8, 9]",802322,"[0, 1]",802322,"[0, 1]",<class 'torch.optim.adam.Adam'>,0.0001,<class 'torch.optim.lr_scheduler.StepLR'>,0.8,1,<class 'torch.nn.modules.loss.BCEWithLogitsLoss'>,"tensor(10., device='cuda:0')",mean,256,True,0,256,True,0,256,True,0,8738.217,0.7150164842605591,2171.627,0.69270396,0.41796489054884056,0.8702754554073076,33086,83338,17507,668391,0.3961991893040828,0.8743085693773821,0.7715511135451402,0.6539639871128416,0.2841853913282485,0.2470376537172126,
2,3,cuda,True,5,20,1,5,16,1,0.2,True,leakyrelu,leakyrelu,3,3,256,256,42,1407172,1,3930738,"[0, 1, 2, 3, 4, 5, 6, 7, 8, 9]",3128416,"[2, 3, 4, 5, 6, 7, 8, 9]",802322,"[0, 1]",802322,"[0, 1]",<class 'torch.optim.adam.Adam'>,0.0001,<class 'torch.optim.lr_scheduler.StepLR'>,0.8,1,<class 'torch.nn.modules.loss.BCEWithLogitsLoss'>,"tensor(10., device='cuda:0')",mean,256,True,0,256,True,0,256,True,0,8326.457,0.6813237071037292,2105.3613,0.6715666,0.4474668119990712,0.8788783076712746,34203,82662,16390,669067,0.40849645881355323,0.876543332976037,0.7830398202165971,0.676042140217026,0.29267103067642153,0.25667329556114216,
3,4,cuda,True,5,20,1,5,16,1,0.2,True,leakyrelu,leakyrelu,3,3,256,256,42,1407172,1,3930738,"[0, 1, 2, 3, 4, 5, 6, 7, 8, 9]",3128416,"[2, 3, 4, 5, 6, 7, 8, 9]",802322,"[0, 1]",802322,"[0, 1]",<class 'torch.optim.adam.Adam'>,0.0001,<class 'torch.optim.lr_scheduler.StepLR'>,0.8,1,<class 'torch.nn.modules.loss.BCEWithLogitsLoss'>,"tensor(10., device='cuda:0')",mean,256,True,0,256,True,0,256,True,0,8037.613,0.6576886177062988,2153.0142,0.68676686,0.4555965716651325,0.8791770461992275,30827,60799,19766,690930,0.43351450931310165,0.8995852039455481,0.7642173304224891,0.6093135413990077,0.33644380416039116,0.2767433927032462,
4,5,cuda,True,5,20,1,5,16,1,0.2,True,leakyrelu,leakyrelu,3,3,256,256,42,1407172,1,3930738,"[0, 1, 2, 3, 4, 5, 6, 7, 8, 9]",3128416,"[2, 3, 4, 5, 6, 7, 8, 9]",802322,"[0, 1]",802322,"[0, 1]",<class 'torch.optim.adam.Adam'>,0.0001,<class 'torch.optim.lr_scheduler.StepLR'>,0.8,1,<class 'torch.nn.modules.loss.BCEWithLogitsLoss'>,"tensor(10., device='cuda:0')",mean,256,True,0,256,True,0,256,True,0,7804.6123,0.638623058795929,3153.8408,1.0060098,0.4241705693388164,0.8597022058049048,2,1,50591,751728,7.905763301446754e-05,0.9369430228761021,0.500019100446906,3.953116043721463e-05,0.6666666666666666,3.9530379096335537e-05,
5,6,cuda,True,5,20,1,5,16,1,0.2,True,leakyrelu,leakyrelu,3,3,256,256,42,1407172,1,3930738,"[0, 1, 2, 3, 4, 5, 6, 7, 8, 9]",3128416,"[2, 3, 4, 5, 6, 7, 8, 9]",802322,"[0, 1]",802322,"[0, 1]",<class 'torch.optim.adam.Adam'>,0.0001,<class 'torch.optim.lr_scheduler.StepLR'>,0.8,1,<class 'torch.nn.modules.loss.BCEWithLogitsLoss'>,"tensor(10., device='cuda:0')",mean,256,True,0,256,True,0,256,True,0,7625.691,0.6239825487136841,2215.2703,0.7066253,0.46952450831360876,0.8827899152708366,28338,44870,22255,706859,0.45779921002253615,0.9163365830676462,0.7502139743779506,0.5601170122348942,0.3870888427494263,0.2968479934634361,
6,7,cuda,True,5,20,1,5,16,1,0.2,True,leakyrelu,leakyrelu,3,3,256,256,42,1407172,1,3930738,"[0, 1, 2, 3, 4, 5, 6, 7, 8, 9]",3128416,"[2, 3, 4, 5, 6, 7, 8, 9]",802322,"[0, 1]",802322,"[0, 1]",<class 'torch.optim.adam.Adam'>,0.0001,<class 'torch.optim.lr_scheduler.StepLR'>,0.8,1,<class 'torch.nn.modules.loss.BCEWithLogitsLoss'>,"tensor(10., device='cuda:0')",mean,256,True,0,256,True,0,256,True,0,7474.8994,0.6116438508033752,2043.4082,0.65180486,0.48010325852791613,0.8863165686010739,35263,82770,15330,668959,0.41823918019759704,0.8777298889971856,0.7934437433346907,0.6969936552487498,0.2987554328026908,0.26441366795887916,
7,8,cuda,True,5,20,1,5,16,1,0.2,True,leakyrelu,leakyrelu,3,3,256,256,42,1407172,1,3930738,"[0, 1, 2, 3, 4, 5, 6, 7, 8, 9]",3128416,"[2, 3, 4, 5, 6, 7, 8, 9]",802322,"[0, 1]",802322,"[0, 1]",<class 'torch.optim.adam.Adam'>,0.0001,<class 'torch.optim.lr_scheduler.StepLR'>,0.8,1,<class 'torch.nn.modules.loss.BCEWithLogitsLoss'>,"tensor(10., device='cuda:0')",mean,256,True,0,256,True,0,256,True,0,7348.4985,0.6013008952140808,2048.2515,0.65334976,0.4852757156828398,0.8844720132022729,35794,90395,14799,661334,0.40495073027796946,0.8688880524278282,0.7936198633736233,0.7074891783448303,0.2836538842529856,0.2538797628166936,
8,9,cuda,True,5,20,1,5,16,1,0.2,True,leakyrelu,leakyrelu,3,3,256,256,42,1407172,1,3930738,"[0, 1, 2, 3, 4, 5, 6, 7, 8, 9]",3128416,"[2, 3, 4, 5, 6, 7, 8, 9]",802322,"[0, 1]",802322,"[0, 1]",<class 'torch.optim.adam.Adam'>,0.0001,<class 'torch.optim.lr_scheduler.StepLR'>,0.8,1,<class 'torch.nn.modules.loss.BCEWithLogitsLoss'>,"tensor(10., device='cuda:0')",mean,256,True,0,256,True,0,256,True,0,7258.0137,0.5938968658447266,2099.7598,0.66977984,0.4940875896800913,0.8896810509052449,31370,53508,19223,698221,0.46312494925113123,0.909349363472521,0.774433172434517,0.6200462514577115,0.3695892928674097,0.30134196597535085,
9,10,cuda,True,5,20,1,5,16,1,0.2,True,leakyrelu,leakyrelu,3,3,256,256,42,1407172,1,3930738,"[0, 1, 2, 3, 4, 5, 6, 7, 8, 9]",3128416,"[2, 3, 4, 5, 6, 7, 8, 9]",802322,"[0, 1]",802322,"[0, 1]",<class 'torch.optim.adam.Adam'>,0.0001,<class 'torch.optim.lr_scheduler.StepLR'>,0.8,1,<class 'torch.nn.modules.loss.BCEWithLogitsLoss'>,"tensor(10., device='cuda:0')",mean,256,True,0,256,True,0,256,True,0,7181.872,0.5876664519309998,2029.9955,0.64752644,0.4932129113235672,0.8874993792083603,34993,81323,15600,670406,0.4193063285982182,0.8791968810527444,0.791737837908612,0.6916569485897258,0.3008442518656075,0.26526729130658905,
10,11,cuda,True,5,20,1,5,16,1,0.2,True,leakyrelu,leakyrelu,3,3,256,256,42,1407172,1,3930738,"[0, 1, 2, 3, 4, 5, 6, 7, 8, 9]",3128416,"[2, 3, 4, 5, 6, 7, 8, 9]",802322,"[0, 1]",802322,"[0, 1]",<class 'torch.optim.adam.Adam'>,0.0001,<class 'torch.optim.lr_scheduler.StepLR'>,0.8,1,<class 'torch.nn.modules.loss.BCEWithLogitsLoss'>,"tensor(10., device='cuda:0')",mean,256,True,0,256,True,0,256,True,0,7105.448,0.5814129710197449,3882.8838,1.2385594,0.3864727543619685,0.8719078630961865,0,0,50593,751729,0.0,0.936941776493727,0.5,0.0,0.0,0.0,
11,12,cuda,True,5,20,1,5,16,1,0.2,True,leakyrelu,leakyrelu,3,3,256,256,42,1407172,1,3930738,"[0, 1, 2, 3, 4, 5, 6, 7, 8, 9]",3128416,"[2, 3, 4, 5, 6, 7, 8, 9]",802322,"[0, 1]",802322,"[0, 1]",<class 'torch.optim.adam.Adam'>,0.0001,<class 'torch.optim.lr_scheduler.StepLR'>,0.8,1,<class 'torch.nn.modules.loss.BCEWithLogitsLoss'>,"tensor(10., device='cuda:0')",mean,256,True,0,256,True,0,256,True,0,7049.1875,0.5768094062805176,1976.4769,0.63045514,0.5103265674039457,0.8942114646702682,35602,79266,14991,672463,0.43033705827959456,0.8825197364649106,0.7991246363093398,0.7036941869428577,0.30993836403524044,0.2741588954173373,
12,13,cuda,True,5,20,1,5,16,1,0.2,True,leakyrelu,leakyrelu,3,3,256,256,42,1407172,1,3930738,"[0, 1, 2, 3, 4, 5, 6, 7, 8, 9]",3128416,"[2, 3, 4, 5, 6, 7, 8, 9]",802322,"[0, 1]",802322,"[0, 1]",<class 'torch.optim.adam.Adam'>,0.0001,<class 'torch.optim.lr_scheduler.StepLR'>,0.8,1,<class 'torch.nn.modules.loss.BCEWithLogitsLoss'>,"tensor(10., device='cuda:0')",mean,256,True,0,256,True,0,256,True,0,7000.5806,0.5728320479393005,2010.4691,0.64129794,0.5013288967439568,0.8889624686690865,37823,106279,12770,645450,0.38853591514933616,0.8516194246200404,0.8031070669669524,0.7475935406083846,0.2624738032782335,0.24110739966341985,
13,14,cuda,True,5,20,1,5,16,1,0.2,True,leakyrelu,leakyrelu,3,3,256,256,42,1407172,1,3930738,"[0, 1, 2, 3, 4, 5, 6, 7, 8, 9]",3128416,"[2, 3, 4, 5, 6, 7, 8, 9]",802322,"[0, 1]",802322,"[0, 1]",<class 'torch.optim.adam.Adam'>,0.0001,<class 'torch.optim.lr_scheduler.StepLR'>,0.8,1,<class 'torch.nn.modules.loss.BCEWithLogitsLoss'>,"tensor(10., device='cuda:0')",mean,256,True,0,256,True,0,256,True,0,6968.824,0.5702335238456726,1949.2947,0.62178457,0.5157302684743413,0.8961746151148438,37080,88723,13513,663006,0.4204176965464069,0.87257485149354,0.8074412343529718,0.7329077145059594,0.29474654817452683,0.26615751241781277,
14,15,cuda,True,5,20,1,5,16,1,0.2,True,leakyrelu,leakyrelu,3,3,256,256,42,1407172,1,3930738,"[0, 1, 2, 3, 4, 5, 6, 7, 8, 9]",3128416,"[2, 3, 4, 5, 6, 7, 8, 9]",802322,"[0, 1]",802322,"[0, 1]",<class 'torch.optim.adam.Adam'>,0.0001,<class 'torch.optim.lr_scheduler.StepLR'>,0.8,1,<class 'torch.nn.modules.loss.BCEWithLogitsLoss'>,"tensor(10., device='cuda:0')",mean,256,True,0,256,True,0,256,True,0,6933.7373,0.5673624873161316,2009.7943,0.6410827,0.502865610418268,0.8900856991707571,35254,81128,15339,670601,0.42226680640814496,0.8797652314158156,0.7944469471231108,0.6968157650267823,0.30291625852795107,0.2676414542859529,
15,16,cuda,True,5,20,1,5,16,1,0.2,True,leakyrelu,leakyrelu,3,3,256,256,42,1407172,1,3930738,"[0, 1, 2, 3, 4, 5, 6, 7, 8, 9]",3128416,"[2, 3, 4, 5, 6, 7, 8, 9]",802322,"[0, 1]",802322,"[0, 1]",<class 'torch.optim.adam.Adam'>,0.0001,<class 'torch.optim.lr_scheduler.StepLR'>,0.8,1,<class 'torch.nn.modules.loss.BCEWithLogitsLoss'>,"tensor(10., device='cuda:0')",mean,256,True,0,256,True,0,256,True,0,6922.83,0.5664700269699097,3764.3005,1.2007338,0.40761781600588404,0.8722626672233346,0,0,50593,751729,0.0,0.936941776493727,0.5,0.0,0.0,0.0,
16,17,cuda,True,5,20,1,5,16,1,0.2,True,leakyrelu,leakyrelu,3,3,256,256,42,1407172,1,3930738,"[0, 1, 2, 3, 4, 5, 6, 7, 8, 9]",3128416,"[2, 3, 4, 5, 6, 7, 8, 9]",802322,"[0, 1]",802322,"[0, 1]",<class 'torch.optim.adam.Adam'>,0.0001,<class 'torch.optim.lr_scheduler.StepLR'>,0.8,1,<class 'torch.nn.modules.loss.BCEWithLogitsLoss'>,"tensor(10., device='cuda:0')",mean,256,True,0,256,True,0,256,True,0,6899.7383,0.564580500125885,1981.5763,0.63208175,0.5128608571889355,0.8930484621203362,36148,84709,14445,667020,0.42167395742198893,0.8764162019737711,0.8009003190881576,0.7144861937422173,0.29909728025683247,0.26716530428227225,
17,18,cuda,True,5,20,1,5,16,1,0.2,True,leakyrelu,leakyrelu,3,3,256,256,42,1407172,1,3930738,"[0, 1, 2, 3, 4, 5, 6, 7, 8, 9]",3128416,"[2, 3, 4, 5, 6, 7, 8, 9]",802322,"[0, 1]",802322,"[0, 1]",<class 'torch.optim.adam.Adam'>,0.0001,<class 'torch.optim.lr_scheduler.StepLR'>,0.8,1,<class 'torch.nn.modules.loss.BCEWithLogitsLoss'>,"tensor(10., device='cuda:0')",mean,256,True,0,256,True,0,256,True,0,6889.127,0.5637122392654419,1980.619,0.6317764,0.5108075581635666,0.8927886319520294,36369,87897,14224,663832,0.41598087602010764,0.872718185466683,0.8009639707015221,0.7188543869705295,0.29267056153734733,0.2626110188461261,
18,19,cuda,True,5,20,1,5,16,1,0.2,True,leakyrelu,leakyrelu,3,3,256,256,42,1407172,1,3930738,"[0, 1, 2, 3, 4, 5, 6, 7, 8, 9]",3128416,"[2, 3, 4, 5, 6, 7, 8, 9]",802322,"[0, 1]",802322,"[0, 1]",<class 'torch.optim.adam.Adam'>,0.0001,<class 'torch.optim.lr_scheduler.StepLR'>,0.8,1,<class 'torch.nn.modules.loss.BCEWithLogitsLoss'>,"tensor(10., device='cuda:0')",mean,256,True,0,256,True,0,256,True,0,6864.163,0.5616695284843445,2684.2654,0.856225,0.4653393634331512,0.8714129283966521,13278,6472,37315,745257,0.37752157286439303,0.9454246549390395,0.6269189442717347,0.26244737414266794,0.6723037974683544,0.23268202926487339,
19,-1,cuda,True,5,20,1,5,16,1,0.2,True,leakyrelu,leakyrelu,3,3,256,256,42,1407172,1,3930738,"[0, 1, 2, 3, 4, 5, 6, 7, 8, 9]",3128416,"[2, 3, 4, 5, 6, 7, 8, 9]",802322,"[0, 1]",802322,"[0, 1]",<class 'torch.optim.adam.Adam'>,0.0001,<class 'torch.optim.lr_scheduler.StepLR'>,0.8,1,<class 'torch.nn.modules.loss.BCEWithLogitsLoss'>,"tensor(10., device='cuda:0')",mean,256,True,0,256,True,0,256,True,0,,,1950.0208,0.6220162,0.515730267704281,0.8961746153251917,37080,88723,13513,663006,0.4204176965464069,0.87257485149354,0.8074412343529718,0.7329077145059594,0.29474654817452683,0.26615751241781277,14.0