ec,n_res,n,f1_mean,auc_mean,ap_mean,acc_mean,bacc_mean,prec_mean,rec_mean,jac_mean,f1_std,auc_std,ap_std,acc_std,bacc_std,prec_std,rec_std,jac_std
1,869958.0,1441.0,0.40292185118514107,0.8825456033684556,0.44079237343860156,0.8458359197776059,0.7765580234010423,0.2962279277782543,0.7045770599439588,0.26808085341084925,0.17849547869325927,0.0784492158485348,0.25079854845841737,0.07054244825716167,0.1066837227313783,0.15369896272185665,0.2495963015728761,0.14268701508072915
3,682617.0,1477.0,0.43842907432192263,0.8851174569511163,0.5175044175868364,0.8302976158217459,0.785574004941482,0.32626351192371206,0.7419922017793551,0.29688246645896116,0.17381936018942526,0.08942450654995458,0.24503494778825458,0.1024606507746293,0.10879155746960505,0.15441600838797626,0.23638668319423625,0.1470150534660934
2,1512123.0,3180.0,0.4830029849256875,0.8956358046060533,0.5806970593854245,0.8637686203803592,0.8118742927048844,0.3692701039798187,0.757587710867617,0.34532539372736043,0.21678336126377673,0.12173436217228685,0.30485759672414076,0.07685227993094021,0.138752867316962,0.19227067822287275,0.2719087328111045,0.1913465615975186
5,88433.0,145.0,0.3529854209829753,0.8472788624472951,0.3744641546077972,0.8080020320371915,0.7372930570396945,0.2516160361475022,0.6687157171416303,0.22747707682848287,0.17110603671138977,0.08745197318931994,0.23189051495680216,0.10333042940203228,0.11612456865994952,0.13173277143373577,0.29198598511955776,0.1286075127227663
6,117588.0,191.0,0.3758438206721074,0.8713881940791219,0.4020271005561422,0.8420139983862154,0.7637410253469771,0.2682712238991289,0.679689478257445,0.24091055729097244,0.14377977322774177,0.08142339230238958,0.2039791227467428,0.06505639680189618,0.09786779657950581,0.11717780414911329,0.228635329595396,0.10867543179204292
-,450960.0,1155.0,0.41008801963234953,0.8326799380662253,0.45234275038963073,0.7941094055729634,0.7364367904119546,0.3092578877533692,0.6819080074352211,0.27809916148652963,0.19712212302242715,0.11753509603292878,0.2641654585365401,0.11739824581256258,0.12462295713097006,0.17237071448714822,0.2796922375644715,0.1650799792606947
4,189400.0,343.0,0.38850153871823384,0.8690895050775519,0.4120616883942724,0.8322843930668462,0.7737690349622167,0.27541996787035083,0.7112361409729648,0.25129869830159535,0.14626359030317074,0.07529115077971593,0.2111005137621693,0.06821882601878415,0.09758363484635786,0.12012098720802679,0.21643043686357585,0.11372137268123687
7,19659.0,26.0,0.29298199709832307,0.8021687875936659,0.30705711299137484,0.846150730422159,0.6821061748485799,0.21069955032542584,0.5088844614200329,0.18847060777285624,0.20111877927402616,0.11554987097116784,0.2569023576455825,0.0805195729146836,0.13304725217861132,0.15632213388758995,0.3290716444588275,0.15001969805778234
1.1,254693.0,427.0,0.440803969797169,0.8912571353326268,0.46646814782246715,0.8630023950100962,0.7920192467936926,0.3346982701450403,0.7147860360528717,0.30078435287872674,0.1839978709649373,0.07289062449408949,0.2629448586700547,0.05179190081539976,0.10152845947876854,0.16626095839624838,0.22445294480750952,0.154811845050217
3.6,142171.0,325.0,0.4535089122167344,0.8842259519249143,0.562207084568301,0.8025809839964666,0.7853310457110584,0.3292678361740791,0.7799927546180336,0.31001982752313684,0.1821158154153604,0.10285022468189649,0.2674851095925682,0.07901133616169106,0.1140239585437945,0.14904780976746856,0.2717501637709771,0.14405776835340278
2.2,16759.0,13.0,0.2864190726615572,0.8970658065599589,0.25927378625093367,0.9037952774871244,0.7576744368815239,0.19593796220351584,0.6027240067897381,0.17077405213381272,0.10189656330389249,0.055996413336150255,0.12484364168139539,0.039905816629085225,0.06398714522417782,0.07896789890159114,0.13072183375966698,0.0661568021299278
2.7,881396.0,2096.0,0.5376632273612644,0.9103783053011716,0.6670713940171236,0.8721970404621752,0.8384355405992633,0.4171920700899912,0.8047838701890201,0.3964606314183618,0.2171284997704504,0.13122513816369316,0.29997309948607137,0.07721269901417348,0.14025860255307596,0.1964735915001905,0.26202290908918024,0.19711561465572927
3.2,69603.0,120.0,0.3909685290164218,0.8935559202714016,0.4248324065629934,0.8785218579748016,0.7766767638384372,0.29525011724621053,0.665499563156438,0.2559865851953156,0.1643782231639139,0.06962485703869048,0.2331518358224143,0.062333622281558365,0.10065248053244251,0.1504518682803014,0.22648160554670527,0.12911894627602105
5.1,28043.0,46.0,0.4015822653467795,0.870543872067293,0.3893790073592576,0.8368299895376632,0.775429730606573,0.2951327404766822,0.7081134941640105,0.2628511641843213,0.15254146689873188,0.07002473155082266,0.218138036637511,0.05055144879364526,0.08903396824187478,0.13144077044427652,0.22205969799739503,0.12530957130878348
2.5,129399.0,228.0,0.39413138633092554,0.8905358852555949,0.4535453662697045,0.8617864696859702,0.7863113207587228,0.28456638490200775,0.7050837884570642,0.2586669638217356,0.1658405033429077,0.08424246691755773,0.23592877059082804,0.07101554695956809,0.12193959433426639,0.13750304433636404,0.2643450841857016,0.12994590429196007
5.6,24769.0,29.0,0.30291547573349265,0.843132422557113,0.3234749787360332,0.8457761832523765,0.7097547388538827,0.2215166509294766,0.5681524179447911,0.18807006819076486,0.15703340157187232,0.08633117846223932,0.21096962877991532,0.0897412484897893,0.13038772140931554,0.0999874856864804,0.33863793265164627,0.10757633887962663
2.3,101666.0,206.0,0.3825970285298163,0.8335090702224414,0.40979397806928114,0.8003904364695438,0.7216081526839707,0.2859490016673805,0.638064884504011,0.24899586591568895,0.1632128339164903,0.08844307726213517,0.2236370367165379,0.09652715650562908,0.1031560091868373,0.13699240748993996,0.2553260642683747,0.12488038234172485
6.1,32576.0,56.0,0.41545594408442554,0.8812226422888345,0.43480090132585286,0.8497700995685465,0.760811135468275,0.3128269235442406,0.6643249389605158,0.27113899074099274,0.1334975147835593,0.059286258041628466,0.2067167025556895,0.08377643780014499,0.08507416500329769,0.11595521210475403,0.20914488178662416,0.10907059940375242
4.2,117639.0,239.0,0.4135861151074607,0.8772023386190441,0.4512046564516399,0.8293235105258083,0.7852269462497069,0.2937838403217402,0.7388656622865509,0.2706387750975428,0.14245283412174586,0.06524518075029259,0.20155024028577076,0.06084781406635633,0.09298277190004083,0.11727353678458778,0.21058091419626784,0.11204745186720873
1.3,98647.0,162.0,0.38732869924156654,0.8811046548649476,0.41311066662646917,0.8379801478395068,0.7727732349248204,0.2795020381251016,0.7037708820641391,0.25356584529463,0.16536409794630713,0.06366524226480064,0.23228715385614399,0.060894446853620735,0.10197049926147066,0.14173263169581576,0.2468701853562929,0.13258330841537766
2.4,175973.0,273.0,0.34172607103907093,0.8528302135418386,0.36503655877078706,0.8684269139407157,0.7402465464092274,0.2549699370364437,0.5993996944652217,0.2212054535646825,0.18659039291586885,0.11062540391422164,0.23400385418923475,0.054878825617590776,0.13433256151102269,0.15537944342252838,0.2954796059541975,0.13578184434215243
3.1,140940.0,308.0,0.39998305930061523,0.8724747654831656,0.4798729175724382,0.8102139596031018,0.7562924759202561,0.2960344651510972,0.7059117802377863,0.26954842130928836,0.1924468049960101,0.10194718705299027,0.26386538654357744,0.14877923094766926,0.13034920275498643,0.16721241844444507,0.27598137992571725,0.1661533430882753
1.5,87250.0,230.0,0.46880907020360546,0.885911156367678,0.5569198591770658,0.7858114002370826,0.7850605760962018,0.3428728471689809,0.8008834970448537,0.32149330914861257,0.1714972646931965,0.06731593767247356,0.25947345268449007,0.07952707990097493,0.08906734775162081,0.14361980770950125,0.2344121611891868,0.13824470337848097
1.14,156371.0,269.0,0.3843617149742096,0.8984894032795481,0.4456095697358574,0.8763267659822519,0.7878168895714578,0.2787666792752312,0.6899245174839033,0.24836520673134682,0.14984583884614205,0.06617235425124358,0.21779260358160507,0.04760705826574535,0.1074994276808779,0.12830429095102178,0.23857632413993285,0.11427706094713064
4.4,10738.0,20.0,0.2862333578546056,0.7939077207787255,0.2772493386511639,0.8106492486294377,0.7125598950965556,0.1916217368858546,0.6020754998054878,0.17536565545515548,0.14402886500842765,0.12683174390325433,0.2350783361668623,0.05063820903209931,0.1349115490802418,0.1016789120937203,0.26770549652231146,0.10502488325560295
3.4,253361.0,577.0,0.46969956810787455,0.8908429830722084,0.5463968580191509,0.8418577505918479,0.8015272121208538,0.3566261177800315,0.7585918752856844,0.3211264090819783,0.1561339044746833,0.07737175719219945,0.21530352047000603,0.09198756037889497,0.09244010038158343,0.15012840685151815,0.1846591267171032,0.1413624106983267
6.3,67808.0,108.0,0.3547243043311646,0.8612986251026221,0.3769923986286945,0.8330367191332788,0.7541569371011674,0.24692361270444346,0.6703965833566207,0.2250009620814753,0.1467451815449206,0.07905245203186152,0.20209621568015182,0.056591308401599705,0.10070892929674038,0.11307488345268621,0.2416910031959407,0.10695396728265592
5.3,12966.0,33.0,0.34308342710814665,0.8255129125634522,0.38558447994591794,0.7742848996622311,0.7291678417123854,0.23530331526079867,0.691641421396851,0.22229390755456782,0.18805564272690814,0.1122040907219846,0.2516052365899903,0.09638496399041478,0.13444589318951541,0.14208004750504802,0.3144534747066201,0.13940344301164082
3.5,51614.0,110.0,0.41392012047382787,0.887373320851165,0.4841070945547501,0.8434584733670514,0.7951332108702097,0.3009686151142484,0.7430243540901167,0.27427187826946925,0.16605930805225946,0.09486326165333554,0.23338004354276437,0.06478105887482608,0.10713795347321814,0.14129796351224072,0.2423718801048396,0.12900450285712714
2.1,132390.0,269.0,0.4020077429981638,0.8667441527706216,0.4416191058180699,0.8422823651467363,0.7642241517539207,0.2982653246386783,0.6793433611489204,0.26760571141290457,0.18081162674665718,0.08954758966940007,0.25666421606469547,0.061777153842416554,0.11303226253098217,0.1539429011431092,0.2560613937730037,0.14347188840997105
7.1,5515.0,12.0,0.391193664920549,0.8514878559505258,0.4191340870049814,0.7975278182045963,0.7446581364042565,0.27810523143729526,0.6915000017893708,0.2537798936911819,0.15772269681725384,0.06178279529419619,0.213810682558548,0.07102418646532146,0.10172560232970934,0.12351856775480277,0.2688323300105911,0.11898357158541822
5.5,6003.0,12.0,0.33184752482426405,0.8215679238275383,0.3303577384616893,0.7513807730501455,0.7231780211735858,0.2282001189023047,0.6953571724285644,0.20919153277491245,0.15340788547534273,0.07298861709040073,0.2180465994816195,0.08420022651323177,0.07571643629146936,0.12609300096949622,0.1652639784511463,0.12190805208830906
1.2,91571.0,84.0,0.3665946030932735,0.8953462035463547,0.3419270752198046,0.8919151587094221,0.7678005158084443,0.2702815125069981,0.6343569076799331,0.23772638874975183,0.1667276826667938,0.04164860593099036,0.22269899100699966,0.03967154176303322,0.08792138964814873,0.1436766275563451,0.20206095601037152,0.13247206805619552
3.7,3042.0,7.0,0.38411539578338694,0.9034605395591798,0.5077000621457707,0.7924306233448214,0.8225344992830589,0.25389549043377874,0.8612727422347238,0.2469739354058187,0.1514646235864996,0.07274124741200357,0.24446360391040145,0.027259743977751015,0.09175822973741111,0.11803640209152254,0.20415249081458264,0.11556185071968669
1.13,20379.0,39.0,0.25991152346326374,0.794543932028275,0.2654995190050505,0.8257509907214217,0.6821243600050236,0.18457617005104732,0.526765813272885,0.16038529957445638,0.1688004804605754,0.12572425397419063,0.19959666445435048,0.09024099879712166,0.13816889752102518,0.13238187556221825,0.321353346493753,0.11768633626659286
1.18,10225.0,23.0,0.432456983712956,0.865420332819978,0.44536724618689993,0.7974171166255524,0.7825865919642222,0.3083711909408636,0.7684973616604382,0.2827127959246494,0.11793198220677197,0.04564000600205041,0.17794334666910064,0.0483460197915007,0.061455244609701365,0.10864259394150791,0.1455938892733009,0.09555728536044057
7.2,9418.0,9.0,0.12493782882429964,0.7085950273461536,0.11701971821480352,0.8852066913291644,0.567448900622106,0.08671542558440654,0.22755178502683038,0.07027581783674518,0.1138559424086728,0.12929436443769987,0.10736676418715599,0.07307727635320488,0.09399602852810213,0.07824559324566069,0.21018697578343695,0.0676189629319921
1.11,9856.0,13.0,0.1721712645163807,0.7292007493901619,0.1839562959566067,0.8240566555642599,0.6378731277862781,0.11247888917270546,0.43418941541113487,0.09894403687823974,0.12180397724609299,0.2047303354300852,0.17692216157756974,0.09228785031928911,0.14742379153038232,0.07975889657734361,0.3134545091278244,0.07742527811587252
1.6,25433.0,36.0,0.35751133390830026,0.8758398682455636,0.3610205753459945,0.8602084526552833,0.7569515969387902,0.2644757625399101,0.6425103612713613,0.2319829419440008,0.17861854498807056,0.069657359095541,0.23770372762995645,0.042888171733143424,0.10738523266474129,0.1626958675911518,0.23288946071706437,0.13633293053222426
1.17,11487.0,12.0,0.25361299132482895,0.7494105833697685,0.28782210942288916,0.8891434334612578,0.6652988989990917,0.1918447084718892,0.42960770056582653,0.17240424855764566,0.26892171850892527,0.21429278099954777,0.30875005823872687,0.06835178627473232,0.17958307830831724,0.21902148187607487,0.39432516568140136,0.19363333948908532
7.5,4097.0,3.0,0.1973669398081492,0.7845903807283978,0.11608337313305804,0.9118380220682538,0.6431047410361738,0.13958710510434644,0.35978835978835977,0.110248434626943,0.057265171614219554,0.036316032493420386,0.0642258002158774,0.05651897263889232,0.06465488961188158,0.03055870442250147,0.18601477070102587,0.03590016894732682
1.8,24155.0,31.0,0.41596706671240596,0.8682738537876441,0.4137132757502016,0.7995362067366675,0.7774475965566309,0.29707752314543,0.7691441763513595,0.27179580682602483,0.13785111246504567,0.07867467047706031,0.19744010295842718,0.10410532040785077,0.08467502583165709,0.11648207556032493,0.16593865567373436,0.10962768359307404
4.3,4733.0,6.0,0.36545553404983006,0.8980592640283621,0.37364729745470143,0.9056735632658622,0.7623726343940064,0.27125531798398206,0.6131480146064547,0.24225390441804703,0.21666782818355776,0.05624490222468102,0.2802327000379397,0.046462153458320776,0.12656953002183483,0.17217833255318332,0.3002223404631331,0.16937296913050126
5.4,14216.0,13.0,0.25932473783886445,0.8412918680480725,0.2868945954675208,0.9008429874392655,0.6824386528005744,0.1903355763073635,0.45428453828175014,0.16854188547006083,0.22723581184035296,0.09503977239793904,0.26764499764517036,0.09386093079956294,0.15210471976620693,0.17494552466314495,0.3743743557403777,0.16366946521243003
4.1,50758.0,65.0,0.33502802414823907,0.8648865658584873,0.32610587234637795,0.8545688400815752,0.7539799506483368,0.23867086473633156,0.6441459852998627,0.20828151584489288,0.12580470658808346,0.08065018774552242,0.19163455931110734,0.07311421018894897,0.093816553833309,0.11097441735883472,0.19919254820681165,0.09535790886331094
2.6,50251.0,65.0,0.37933578568580606,0.9422714520575324,0.4242473738592603,0.8710985160755801,0.8623336417027229,0.2516015226737677,0.8546063778235955,0.2408909493102768,0.12162589711036251,0.0234107658498076,0.19786675889298697,0.035470356483130364,0.06692662759620749,0.09544111560128603,0.16365495364124605,0.09284796371360013
5.2,2436.0,12.0,0.4375340046619198,0.8601701000380596,0.5489069379522037,0.6549730008479578,0.7535383932576293,0.292205248339657,0.9033321800576131,0.2834957297007152,0.08443322495999574,0.06786427256211448,0.18329212795807473,0.12335122626008711,0.07020753719479947,0.07138424666605234,0.06850364858476492,0.07006286750640904
1.16,329.0,1.0,0.2957746478873239,0.7666999002991027,0.3797306105042548,0.6960486322188449,0.6613659022931206,0.1944444444444444,0.6176470588235294,0.1735537190082644,,,,,,,,
2.8,23409.0,29.0,0.35292270242903306,0.8818234467002998,0.37758447477204127,0.8417036874256841,0.7653534223373313,0.24565366664006474,0.6825404490022001,0.22294793034785396,0.13851401017571918,0.0665547684620493,0.2180913345640986,0.07164304362280388,0.07787609716225598,0.11466306558452086,0.17789509187736569,0.10718014315706582
1.4,12634.0,19.0,0.38109149001790243,0.8555366289180198,0.4166657281253931,0.8357437961740746,0.7541175451676313,0.2893370386935413,0.6661196584528458,0.2608696651446336,0.23320269120055642,0.0897282389375016,0.29122119474678193,0.06361255720304573,0.12488686174517823,0.20730708147019677,0.28277277236858805,0.18807084315641412
6.5,3342.0,7.0,0.35656641760129604,0.8127969015209462,0.4021899660666663,0.8569779875036029,0.7356124345711957,0.26458171868826696,0.5988867610634313,0.23145263204096717,0.195478534946327,0.2030444990212683,0.242769161703562,0.056854729559233166,0.14129285865244964,0.16113319995582567,0.28625253001876705,0.14243195466476297
1.20,1060.0,2.0,0.4379107575233483,0.9109632431488557,0.5032638285860961,0.882162277863,0.7831691806360163,0.3263184584178499,0.6688524590163935,0.28295454545454546,0.09979230948602952,0.03528652114618655,0.08107742228105282,0.016785853494141422,0.055115794532744,0.08713334068373785,0.09737208134372134,0.08196010418298616
1.7,16198.0,17.0,0.2596167446919879,0.817880513024955,0.25738333616871245,0.8652863479473565,0.679762739883776,0.18626776278425253,0.4863823732418621,0.15800445913848388,0.15527861546840052,0.09744990908971646,0.2168300992643065,0.09769851148840021,0.11036534898083399,0.10613292089178505,0.31443178660281323,0.10561009993794668
1.10,39329.0,53.0,0.26892098360814126,0.87974273062427,0.27599574996779114,0.8259994614065748,0.764453399972245,0.16892673479660825,0.7016164251763749,0.16145914891699323,0.1321926610753288,0.04925518869291287,0.1153546797644349,0.07426158258144422,0.1320980865645817,0.08728077927610967,0.3386126372253858,0.08177583964651328
1.-,8932.0,20.0,0.39857057268889384,0.8935604164659819,0.5056555582306106,0.8110739807668439,0.7704958571580942,0.28922633095735223,0.7320898723741316,0.2643624042764637,0.1788759114227154,0.07182358574429257,0.26506851327523295,0.0943771105923623,0.10803105396698508,0.15077885644388092,0.2497595128005923,0.14705041851161604
6.2,13862.0,20.0,0.385722354433492,0.9188423639603857,0.4453908458804857,0.8635368268504615,0.8335438003062403,0.26008369216791866,0.8011727717712025,0.2454930315997023,0.11999795902287132,0.0584102096244468,0.18721177458412197,0.04177091868762717,0.07376217950894665,0.09830379500905925,0.1488343869321379,0.09301987600199746
3.13,6897.0,7.0,0.33886609440336607,0.8736377058364023,0.3041053957903883,0.8610087148670476,0.7393351370566413,0.24201989846639096,0.6093172023984905,0.21170614071149813,0.1410568304330175,0.03520406878374438,0.1953009675293181,0.06178780521886814,0.08215455985238682,0.10465077298063583,0.22534566445956628,0.10621897327682085
1.12,689.0,2.0,0.4805713714913594,0.8938876430354348,0.5806869894340068,0.786644759015841,0.8127683769396519,0.33716249386352476,0.8458230958230959,0.3162859120803046,0.0024015213825134586,0.012242274072330505,0.04990750078117595,0.0024904839445229533,0.04391967973295409,0.01888395134832992,0.10337310437493759,0.0020804457044256114
4.6,4096.0,11.0,0.39809288808493376,0.8525861870394476,0.38737861542710983,0.755652174907517,0.7784785677595156,0.27835782959343897,0.8076442642494236,0.25667773865215193,0.13288852413717098,0.05810089548436441,0.1943320617876197,0.12793210690261905,0.07192528064154709,0.1239369706736205,0.09483336155993093,0.10850361095882084
7.4,384.0,1.0,0.4666666666666667,0.9365804623960522,0.6732111748796799,0.8333333333333334,0.8652106369368546,0.3146067415730337,0.9032258064516128,0.3043478260869565,,,,,,,,
3.8,801.0,1.0,0.3087248322147651,0.8323826107841961,0.2100259921912455,0.8714107365792759,0.7072024738801489,0.219047619047619,0.5227272727272727,0.1825396825396825,,,,,,,,
1.9,720.0,1.0,0.4852941176470588,0.9358851674641148,0.5478057897906148,0.9027777777777778,0.7639097744360902,0.4074074074074074,0.6,0.3203883495145631,,,,,,,,
2.-,880.0,1.0,0.2840909090909091,0.7646752163486602,0.2619956940053071,0.8568181818181818,0.7087894901470129,0.1923076923076923,0.5434782608695652,0.1655629139072847,,,,,,,,
3.3,12142.0,20.0,0.3759319703380104,0.8684900174173272,0.39539733307322394,0.8874058025148827,0.7915659017184065,0.2632737723486943,0.6863011149124538,0.23884253600695177,0.12751198568806552,0.05032945748326054,0.20648022666492136,0.017695718744076782,0.07345577426108678,0.10376782762370833,0.13427339829286927,0.09962119621467232
3.11,1578.0,1.0,0.2727272727272727,0.8939603659565849,0.303588432055885,0.9594423320659062,0.7975085243577191,0.1739130434782608,0.631578947368421,0.1578947368421052,,,,,,,,
4.98,1436.0,2.0,0.16785128485511205,0.7918782368342563,0.12716459866461194,0.8795264623955432,0.6680720462843739,0.10960108181203515,0.44556451612903225,0.09509803921568626,0.1461379788346173,0.0647023582408636,0.11885519599607898,0.0009848283860536724,0.05419057796803129,0.1050859165008811,0.09979329573197243,0.08734848473480884
7.6,245.0,1.0,0.74,0.9708273553323769,0.8792371355038837,0.8938775510204081,0.897297943567671,0.6271186440677966,0.902439024390244,0.5873015873015873,,,,,,,,
3.9,468.0,1.0,0.3495145631067961,0.8328137706695582,0.2290081218520293,0.8568376068376068,0.7059501219842776,0.2608695652173913,0.5294117647058824,0.2117647058823529,,,,,,,,
