scope,f1,auc,ap,acc,bacc,prec,rec,jac,n
l,0.45737456100506296,0.9012190148012724,0.5349716864548132,0.8696677230768411,0.818870625615671,0.32721450764060617,0.7594834247028956,0.29649100127834993,375801.0
d,0.47500057144163293,0.914738432250562,0.6049361614219634,0.8778383403859696,0.831026972522527,0.34216089834359664,0.7764459722014646,0.3114759012668397,940074.0
c,0.3896420804834461,0.8831249764765882,0.4208369239902466,0.8728351790323015,0.7861031462582013,0.27181831381521965,0.6877636596272977,0.24195992441259315,1337524.0
-,0.3173399148627842,0.8655100309977992,0.3227223767261841,0.8649062826263268,0.7685588076057233,0.20867765518678996,0.6621155572353191,0.18859418944195497,446342.0
a,0.4245274740703041,0.8842787648549897,0.45841821174160413,0.8731808249376366,0.786830715524588,0.3071980087371736,0.686864671474814,0.269460410818518,258565.0
e,0.3862246777163904,0.8838486894451822,0.4199349116164833,0.9175995885913208,0.7742850212985413,0.28091513073296187,0.6178411501296253,0.23932989455425208,202232.0
b,0.5360679352479576,0.9162788801673213,0.7077677602401712,0.8399890210684307,0.8350771301445795,0.39615871361572247,0.8287547498909861,0.3661836147695526,287824.0
g,0.32748538011695905,0.8479269154381686,0.3122744140180145,0.8808052621088299,0.7327613366686497,0.23008849557522124,0.5678627145085804,0.1958041958041958,25085.0
f,0.24924012158054712,0.8080201400363526,0.19453079968655068,0.9054502369668247,0.6729945904671681,0.17686935086277733,0.4218520333170015,0.1423611111111111,54860.0
j,0.37209302325581395,0.8465789045993825,0.23573995366790315,0.9409190371991247,0.7086624410856492,0.3137254901960784,0.45714285714285713,0.22857142857142856,914.0
h,0.12307692307692308,0.8126892634129024,0.11967660830530664,0.8872775214238628,0.550592068166155,0.09302325581395349,0.18181818181818182,0.06557377049180328,1517.0
l.1,0.45737456100506296,0.9012190148012724,0.5349716864548132,0.8696677230768411,0.818870625615671,0.32721450764060617,0.7594834247028956,0.29649100127834993,375801.0
d.122,0.490916908524132,0.9159976780096869,0.6464057575593435,0.7982964224872232,0.8367127596128671,0.33952865957921347,0.8859359844810863,0.32530807037538284,46960.0
c.48,0.31417624521072796,0.9257522099644323,0.26471387350037495,0.9200134055744847,0.776847519304649,0.20985284708893154,0.6247619047619047,0.18636363636363637,17903.0
c.56,0.35478806907378335,0.8986936656120464,0.40738105641609096,0.8710574751108509,0.797188264467322,0.2359081419624217,0.7151898734177216,0.21564885496183206,47812.0
d.144,0.5864097770172492,0.9548068586691247,0.7697095602126521,0.8934563621422469,0.8895584739067607,0.43850808044106726,0.8848581447242588,0.4148371766323435,367502.0
c.2,0.43686887120714407,0.9014651653887377,0.5084330678061265,0.8600430580921394,0.8128120388271195,0.30691647577694964,0.7576806212018906,0.27948318804483185,165358.0
d.58,0.2845878136200717,0.8641896742384008,0.2504791334114164,0.8750599870636593,0.7504435264203583,0.18513912637960517,0.6148683531233867,0.1659005432511492,47927.0
a.103,0.3653444676409186,0.8568883989424575,0.330402407474956,0.9384926656550329,0.7057870013042006,0.30594405594405594,0.4533678756476684,0.22349936143039592,9885.0
d.104,0.33392751039809865,0.8265954549216854,0.22764997389051989,0.8634591961023143,0.7031478882863946,0.2462751971954426,0.518450184501845,0.20042796005706134,8210.0
e.8,0.4342811158798283,0.9074935335658133,0.4989280992426242,0.927429136737064,0.820348082101842,0.31397265587123047,0.7040661013263753,0.2773685112215179,116245.0
b.60,0.5238203783906998,0.8689910705527764,0.6296833128506094,0.6953478197462447,0.7706763769249976,0.37088444157520983,0.891388673390225,0.3548486720197653,6857.0
c.14,0.27194928684627573,0.8304659119430392,0.22919976728690386,0.900627298291153,0.7102240393125586,0.18611713665943602,0.5047058823529412,0.1573734409391049,23115.0
b.96,0.2054794520547945,0.7334981484821798,0.1428004938761181,0.7264150943396226,0.6532091207147177,0.12534818941504178,0.569620253164557,0.11450381679389313,1272.0
d.38,0.26237054085155354,0.7536865181473769,0.20548901186033236,0.7947267292912041,0.6813872416712645,0.17220543806646527,0.5507246376811594,0.1509933774834437,9368.0
d.169,0.0,0.8106757067340842,0.0622400226647434,0.9748663101604278,0.49754366812227074,0.0,0.0,0.0,1870.0
d.174,0.33740546829552065,0.9246938508156383,0.351428006340531,0.8998505231689088,0.8156121844527476,0.21986353297952996,0.725,0.20293911826452066,22746.0
a.25,0.0,0.747366240530303,0.020907589205586337,0.9854323308270677,0.49644886363636365,0.0,0.0,0.0,2128.0
d.32,0.24238733252131547,0.7334100522033652,0.1858913342779068,0.8154850192821121,0.6337530525883139,0.1699402220324509,0.42250530785562634,0.1379071379071379,6742.0
d.3,0.4168421052631579,0.876436817407915,0.4061870668860739,0.8528943175783325,0.7905008097670363,0.29376854599406527,0.717391304347826,0.2632978723404255,3766.0
c.37,0.3710386305806153,0.8706397502115184,0.3971984500075909,0.882366392870166,0.7669895939730277,0.2616639477977161,0.6375198728139905,0.22777619994319795,161799.0
d.17,0.4525043177892919,0.8660960677589504,0.4810446361961221,0.8027380211574362,0.7762079266644422,0.32546583850931676,0.7422096317280453,0.2924107142857143,3214.0
d.128,0.1645021645021645,0.7248941231630079,0.1018324010877796,0.8968466060929984,0.6074856460985059,0.11377245508982035,0.296875,0.08962264150943396,5613.0
c.1,0.4403681745225851,0.9094420357980201,0.4611778780293395,0.8811916302163376,0.812125723066103,0.3147298436183163,0.7329625994984189,0.28235392951652877,143803.0
g.41,0.3804123711340206,0.8152551580328997,0.4364196681374579,0.7644522829708015,0.741951579148042,0.25931131412508784,0.7137330754352031,0.23488224061107574,5103.0
c.42,0.4633962264150943,0.946509213502618,0.5474836853687918,0.8753943217665615,0.8773864151181567,0.3145491803278688,0.8796561604584527,0.30157170923379173,5706.0
a.126,0.17411545623836128,0.7357944147366431,0.10398111399674521,0.9263686547959988,0.5833686611310441,0.1470125786163522,0.2134703196347032,0.09535951045385008,24093.0
c.79,0.44333570919458304,0.9436552650494584,0.6442485559380513,0.8924390579809943,0.8689570956939981,0.30077369439071566,0.8428184281842819,0.2847985347985348,7261.0
d.36,0.21631878557874762,0.7870448113940977,0.20544142353690736,0.675314465408805,0.6885437074353951,0.12780269058295965,0.7037037037037037,0.12127659574468085,1272.0
b.74,0.4555258250222979,0.8914373338367746,0.5118757107848936,0.8157952488067153,0.8162485246755542,0.3158308972340904,0.8168072113986624,0.2949391012179756,36454.0
d.162,0.4133232399697199,0.8813715663577566,0.4338017943710495,0.870628495117269,0.7854395372332643,0.29553450608930987,0.6872246696035242,0.26049618320610685,23962.0
c.72,0.3770207852193995,0.8747782933293204,0.36836088573183173,0.8676885346413243,0.7750087365085735,0.26235435918039374,0.6697435897435897,0.23230167200284596,16310.0
d.179,0.23425414364640884,0.7706558775035507,0.1393197074074807,0.9199306759098786,0.638288615157846,0.18027210884353742,0.334384858044164,0.13266583229036297,8655.0
c.93,0.36363636363636365,0.9354142692750287,0.6166208684867812,0.7928994082840237,0.8469505178365937,0.22727272727272727,0.9090909090909091,0.2222222222222222,338.0
c.71,0.49671146697169,0.8950507413955106,0.6250086002907395,0.7596285167986889,0.8111880191190406,0.3457404458598726,0.8817258883248731,0.3304165874072665,29288.0
c.43,0.23291139240506328,0.7873818201607304,0.17877212030314624,0.9377247970403864,0.6380130196382976,0.18326693227091634,0.3194444444444444,0.1318051575931232,9731.0
c.58,0.4149519890260631,0.901686250053176,0.4593260925947879,0.8858786540905746,0.8153043635963437,0.2889207258834766,0.7360097323600974,0.2617914322803981,14949.0
c.66,0.44754668080343996,0.8953011961015164,0.5257422215915701,0.8477163129779668,0.8104733919677645,0.3161091695789649,0.7660818713450293,0.2882835028077098,61589.0
a.123,0.47543919082417846,0.8777658738474526,0.5294455013247147,0.8550897082809701,0.7824025053224379,0.36192160330091366,0.6927090678324637,0.31185321566884644,74798.0
d.92,0.3990925418281501,0.8811547808560446,0.4083677454189546,0.8691463740968691,0.7824751672136293,0.2818800907998398,0.6831715210355987,0.2492914501653283,48581.0
c.69,0.40200513510209074,0.9127390943249334,0.416919766117297,0.8995873452544704,0.8106039256833384,0.28002043944813493,0.7123050259965338,0.2515684774292272,48709.0
c.95,0.33403214535290005,0.8673757063012233,0.36677678580091316,0.8966321384022995,0.7487383698748777,0.2335124572545188,0.5865030674846625,0.200503355704698,18439.0
g.3,0.32085561497326204,0.8684316219291787,0.263262562682263,0.9342607570365578,0.7077907521595574,0.24489795918367346,0.46511627906976744,0.1910828025477707,15455.0
d.81,0.3310117302052786,0.8878931632535788,0.31111378921976407,0.9061238136879195,0.7510690587516559,0.23118279569892472,0.5825806451612904,0.19833077092027235,38881.0
c.82,0.40375319874893373,0.8985530605293888,0.39022129705269526,0.902853701473177,0.8001923977524013,0.28594442207007653,0.6866537717601547,0.25293908086925543,43172.0
d.79,0.41452991452991456,0.8609975694728916,0.4058741706787766,0.8964083175803402,0.7585507348150575,0.3162184189079055,0.6015503875968993,0.261455525606469,10580.0
b.50,0.6567745350068048,0.9565433001884652,0.8416582155005123,0.8813264665899823,0.8876879585754578,0.518303052000358,0.8962084085633222,0.48895330837859896,153008.0
c.97,0.2551440329218107,0.8175009034085031,0.1729964956392793,0.9002534993938058,0.6861023195768958,0.17734553775743708,0.45454545454545453,0.14622641509433962,9073.0
c.55,0.24952935136060242,0.6993276362270344,0.23087219060017444,0.7859095791426618,0.6408397482716666,0.16987067458930444,0.46986786980341605,0.14254986312084475,40964.0
d.153,0.335186656076251,0.8730054023938301,0.24551944834314945,0.9192708333333334,0.7414863782051282,0.24114285714285713,0.5494791666666666,0.2013358778625954,10368.0
c.25,0.4096181046676096,0.8828718353199606,0.4122715863356471,0.8487352322968761,0.7896080106036422,0.28616600790513835,0.7203980099502487,0.2575595873354678,13797.0
c.26,0.42501568709475007,0.8806362962324199,0.44026494853525583,0.8719489472703559,0.7816458952361589,0.30980332367738983,0.6766566766566766,0.26985391766268263,42936.0
c.68,0.2863184605624868,0.8010673817129135,0.1998159995235838,0.8784178104398573,0.702146456915232,0.199469652327637,0.5071161048689139,0.16707798617966435,27759.0
a.211,0.42398884239888424,0.9136309908186293,0.4999854316261065,0.8877641144099463,0.8111473536150144,0.2996550024642681,0.7246722288438617,0.26902654867256637,29438.0
c.47,0.34782608695652173,0.8628043798780511,0.31191937677548354,0.879422158362782,0.7464337017384421,0.24533333333333332,0.5974025974025974,0.21052631578947367,25751.0
f.33,0.14285714285714285,0.7609197866776186,0.08653462457070446,0.913718723037101,0.5939612009349463,0.0992063492063492,0.25510204081632654,0.07692307692307693,6954.0
d.54,0.32494279176201374,0.92132621708958,0.3419983335774906,0.8398479913137894,0.8330640461937808,0.2022792022792023,0.8255813953488372,0.19398907103825136,1842.0
a.93,0.27956989247311825,0.8307190777662289,0.3695197852828807,0.7747899159663866,0.732590002834735,0.17567567567567569,0.6842105263157895,0.1625,595.0
c.73,0.2358887952822241,0.8479786958025407,0.18339811943039852,0.9194064332681713,0.6914515820505731,0.1598173515981735,0.45016077170418006,0.13371537726838587,11254.0
b.85,0.31583231583231586,0.7997737505609084,0.274647976758872,0.8506972200017764,0.7231025816139183,0.21724524076147816,0.5782414307004471,0.1875302078298695,11259.0
a.102,0.45755734169770634,0.9449805797394474,0.5426691168307909,0.9235107118175535,0.8553844859557025,0.32353756584419185,0.7811244979919679,0.29664463650228773,36175.0
c.60,0.3397548161120841,0.8660111811035011,0.29176930672846524,0.9125087027152472,0.7069848146246327,0.26287262872628725,0.4801980198019802,0.20464135021097046,4309.0
d.96,0.14317673378076062,0.6557243544183844,0.08210277785571968,0.9232772435897436,0.5696369343757404,0.11469534050179211,0.19047619047619047,0.07710843373493977,4992.0
d.143,0.3292517006802721,0.8452406417112298,0.34800235767585586,0.8165240044659472,0.7381294117647059,0.2208029197080292,0.6470588235294118,0.1970684039087948,2687.0
c.23,0.35127530180629934,0.8714901270407526,0.3843959190189477,0.8531478589627681,0.7720149553832625,0.236784140969163,0.680140597539543,0.21305879762166924,48668.0
d.157,0.2966983265490728,0.8571095358984165,0.304571725158013,0.8555101282289538,0.7557876396228704,0.19260129183793306,0.6456692913385826,0.1741901221455125,10762.0
a.118,0.3198458574181118,0.8574155857989135,0.32631260625661324,0.8277208394338702,0.7463866379345662,0.21173469387755103,0.6535433070866141,0.19036697247706422,2049.0
c.34,0.3619047619047619,0.8493630573248407,0.4070328169306618,0.8989441930618401,0.7308234758871701,0.2714285714285714,0.5428571428571428,0.22093023255813954,1326.0
c.87,0.33167495854063017,0.8678788944745306,0.3183294286376378,0.9164403159924527,0.7450306760211478,0.235626767200754,0.5599104143337066,0.1988071570576541,48229.0
d.166,0.3945371775417299,0.8856146210021638,0.38475837377816585,0.9077243293246994,0.7410007002697335,0.3063629222309505,0.5539772727272727,0.24574669187145556,12972.0
d.176,0.5904761904761905,0.9274097105955513,0.6935259536573352,0.8365019011406845,0.8370605118392729,0.45588235294117646,0.8378378378378378,0.4189189189189189,263.0
e.6,0.32417829806393517,0.8684127215728901,0.2674398488672886,0.9118743578452958,0.702447693485166,0.24674434544208362,0.47244094488188976,0.19344438473938744,34065.0
c.110,0.3730484798685292,0.8255078143669646,0.43565720910830125,0.7497540177107248,0.7473133632844238,0.24890350877192982,0.7442622950819672,0.2292929292929293,3049.0
b.47,0.406677181913775,0.835236402514402,0.492175897655477,0.7596507108247698,0.7544169660360456,0.2792922910272612,0.7477042049299178,0.2552384095033823,18781.0
c.86,0.4589114194236926,0.9602739602739603,0.5879775845185186,0.8427906976744186,0.900984150984151,0.3006993006993007,0.9684684684684685,0.29778393351800553,3225.0
b.30,0.2549019607843137,0.8824521072796935,0.26585176738919564,0.898936170212766,0.6979821200510855,0.17333333333333334,0.48148148148148145,0.14606741573033707,752.0
a.121,0.3642691415313225,0.8166559330687646,0.3010968037140288,0.8441853852715382,0.7285757385875745,0.2629815745393635,0.5924528301886792,0.2226950354609929,7034.0
c.100,0.16831683168316833,0.7372585229844477,0.09785415479450782,0.8518518518518519,0.6048014773776547,0.11258278145695365,0.3333333333333333,0.0918918918918919,1134.0
d.87,0.3890119627824546,0.9102530527929099,0.3902542745454982,0.8694993848774487,0.8274754582660026,0.25907347300088523,0.7804444444444445,0.24147414741474146,21134.0
e.75,0.019736842105263157,0.5437078912558657,0.0435296999414979,0.9130180969060129,0.4864261538035525,0.018633540372670808,0.02097902097902098,0.009966777408637873,3426.0
a.104,0.386565956298894,0.8993700907823041,0.43654335951490514,0.887353247139248,0.8035580946991117,0.2655178803038725,0.7104610808130888,0.23959204146463803,40374.0
e.52,0.2064516129032258,0.8394031845653185,0.1183510857602917,0.8353413654618473,0.6906555090655508,0.128,0.5333333333333333,0.11510791366906475,2988.0
d.387,0.5346534653465347,0.9409020217729394,0.6495404615219761,0.8363509749303621,0.8644634525660964,0.38028169014084506,0.9,0.36486486486486486,1436.0
c.77,0.32,0.8732905506018277,0.27122143541685617,0.9111890838206628,0.7079210639119453,0.23864648263579696,0.4855072463768116,0.19047619047619047,12825.0
d.129,0.44097560975609756,0.8581072596322735,0.5403712605773332,0.7713487629688747,0.7832339070018073,0.3045822102425876,0.7985865724381626,0.2828535669586984,2506.0
b.82,0.3615031457235164,0.8248340789362487,0.3554895037595354,0.7910638771422213,0.7381912297913182,0.24697955390334572,0.6740646797717185,0.22063096720630967,17972.0
b.81,0.28427925665494724,0.7788701313031006,0.19898302888815608,0.8416138712904302,0.6807245507860074,0.199155524278677,0.4964912280701754,0.16569086651053863,8997.0
d.2,0.5384615384615384,0.9207591377694471,0.6367202251421377,0.8103837471783296,0.8449390815370197,0.3858267716535433,0.8909090909090909,0.3684210526315789,443.0
c.67,0.3601595069784303,0.9374564581793544,0.43254409370701724,0.8685973793924955,0.8679808561225797,0.22726752830836097,0.8673068529026626,0.2196308168453631,53728.0
c.78,0.4086687306501548,0.8821753557287966,0.5431402124399719,0.9005208333333333,0.7780108041100502,0.3,0.6407766990291263,0.25680933852140075,1920.0
c.117,0.2696629213483146,0.8352895752895753,0.2663551485810672,0.8802946593001841,0.6898069498069498,0.1875,0.48,0.15584415584415584,543.0
a.128,0.4175194433074089,0.9158240211332427,0.5038407129841277,0.8690651453809348,0.8202561056497533,0.28716216216216217,0.7646176911544228,0.26383859286083805,10868.0
c.45,0.23442449841605068,0.7233065114421048,0.19680120471388737,0.8413913804419164,0.5835167657201555,0.20786516853932585,0.2687651331719128,0.13277511961722488,4571.0
a.208,0.5737051792828686,0.9343475018642804,0.6297953996630595,0.7950191570881227,0.863668903803132,0.4090909090909091,0.96,0.4022346368715084,522.0
d.16,0.4967482192629297,0.9160529568509352,0.5642710271389544,0.8905871263129544,0.8064876590779297,0.38281622911694513,0.7072310405643739,0.3304491141326741,14852.0
e.22,0.5010183299389002,0.9155298706857418,0.5665890612777177,0.8807785888077859,0.823125137809829,0.375,0.754601226993865,0.3342391304347826,4110.0
b.3,0.2077922077922078,0.7835203510295494,0.1960601156480573,0.7737481969915516,0.6834866860862701,0.1264266900790167,0.582995951417004,0.11594202898550725,4853.0
c.39,0.14965986394557823,0.8180921052631579,0.13553603559209093,0.8103186646433991,0.6980674342105263,0.0859375,0.5789473684210527,0.08088235294117647,659.0
c.62,0.13250517598343686,0.617441370079029,0.09752166619909322,0.7907092907092907,0.5269028366063406,0.09523809523809523,0.21768707482993196,0.07095343680709534,2002.0
f.13,0.2680965147453083,0.7616783054739259,0.21802447939638048,0.8437022900763359,0.67649513908638,0.18495684340320592,0.487012987012987,0.15479876160990713,5240.0
d.145,0.38896366083445494,0.897115839601146,0.3455800316034592,0.8579252073227976,0.7972464487997654,0.26538108356290174,0.7279596977329975,0.24143692564745195,6391.0
d.108,0.4105767833793404,0.8106895139537809,0.40766141188947075,0.7848544307153842,0.7237129588746534,0.30134357005758156,0.6440291704649043,0.2583180987202925,18857.0
c.98,0.39669421487603307,0.9621603811841037,0.6231507340948288,0.832183908045977,0.9111922141119222,0.24742268041237114,1.0,0.24742268041237114,870.0
c.61,0.2750621375310688,0.8320977731453213,0.31522168020692964,0.8438615274803711,0.7279288333596508,0.17849462365591398,0.5992779783393501,0.15946205571565802,5604.0
c.28,0.39383938393839385,0.8407384977133818,0.3360843862994406,0.8923197185851085,0.7301609520254537,0.3086206896551724,0.5440729483282675,0.2452054794520548,5117.0
d.26,0.3606182026330853,0.9030438740946032,0.3814355092889431,0.8720650555491926,0.8043351106559022,0.23954372623574144,0.7291666666666666,0.21997206703910616,8731.0
c.36,0.2911270983213429,0.9018137943725116,0.24622138568893948,0.9014666666666666,0.7676134749420312,0.18980612883051906,0.6244855967078189,0.17036205444849845,30000.0
b.45,0.36065573770491804,0.8044743870528617,0.28520386867053155,0.8102374464772285,0.7208234122319166,0.2555762081784387,0.6124721603563474,0.22,5138.0
e.5,0.06451612903225806,0.529292557111275,0.04346324680321713,0.8567693201626961,0.5052988033828123,0.043701799485861184,0.12318840579710146,0.03333333333333333,3442.0
c.122,0.4931506849315068,0.9363383550194941,0.6079807304494795,0.9251853516063806,0.8310621905638684,0.37327188940092165,0.726457399103139,0.32727272727272727,4451.0
f.43,0.16589861751152074,0.724128073184677,0.1658519448495029,0.7294469357249627,0.6422241280731846,0.09782608695652174,0.5454545454545454,0.09045226130653267,669.0
d.117,0.3641810918774967,0.8676470915952181,0.33536779632433233,0.9063266307013241,0.7572140744230367,0.2627281460134486,0.5932754880694143,0.22262922262922263,20390.0
d.31,0.4071246819338422,0.9266981577704299,0.4677200064564992,0.8949030221019395,0.8496929617383089,0.27303754266211605,0.8,0.25559105431309903,2217.0
d.167,0.46496815286624205,0.916400382811697,0.6808105052427181,0.7790055248618785,0.8308425476958181,0.3138435081685297,0.8968058968058968,0.3029045643153527,3801.0
e.7,0.12244897959183673,0.7688873275222717,0.0871523971755348,0.9393562302969969,0.5532615200478755,0.10714285714285714,0.14285714285714285,0.06521739130434782,12054.0
c.109,0.3208065994500458,0.8956960509365189,0.2861857444626158,0.9254976875125679,0.7579018351320246,0.2217997465145754,0.5794701986754967,0.19104803493449782,9946.0
c.3,0.543918918918919,0.92355112215988,0.5984640083128971,0.8430232558139535,0.8488833953669241,0.39851485148514854,0.8563829787234043,0.37354988399071926,3440.0
b.62,0.3424657534246575,0.8727530747398298,0.424836313914574,0.7090909090909091,0.7924550614947966,0.211864406779661,0.8928571428571429,0.2066115702479339,330.0
c.81,0.4254510921177588,0.910239977782607,0.4256777324902351,0.8995350381932913,0.7854955629739715,0.3146067415730337,0.656891495601173,0.27020506634499397,6022.0
c.16,0.21951219512195122,0.7889381527792625,0.1907205631954562,0.914940746483553,0.6124818733243583,0.17970049916805325,0.2819843342036554,0.1232876712328767,9029.0
b.68,0.3853727144866385,0.8596258813483042,0.5364973705467935,0.8207547169811321,0.7700670459397394,0.2644787644787645,0.7098445595854922,0.23867595818815332,2438.0
d.19,0.26720647773279355,0.6618154761904762,0.19062366586316667,0.6709090909090909,0.5857142857142856,0.1864406779661017,0.4714285714285714,0.1542056074766355,550.0
d.165,0.4701064701064701,0.9233652674205353,0.54284855204581,0.8761959433601225,0.8213760599407843,0.34085510688836107,0.7572559366754618,0.30728051391862954,5226.0
b.18,0.2535211267605634,0.6332089552238805,0.18598315810148666,0.6558441558441559,0.5682835820895522,0.17647058823529413,0.45,0.14516129032258066,154.0
a.133,0.3830132539897214,0.8226413232175485,0.5450331203736986,0.5954956552580245,0.7066606268884852,0.24608967674661106,0.8634146341463415,0.23686851789896288,5639.0
d.142,0.33969185619955977,0.866864727310346,0.3212777620689605,0.8743543208153008,0.7521878693309174,0.23454913880445796,0.6156914893617021,0.20459566946531155,14326.0
c.50,0.5426356589147286,0.8974619464944649,0.5673776080274067,0.8785099213777612,0.8039160516605166,0.43899657924743446,0.7103321033210332,0.3723404255319149,5342.0
d.146,0.5690072639225182,0.8727308615462355,0.6024917532084982,0.845150065245759,0.7987185763011622,0.4644268774703557,0.734375,0.3976311336717428,2299.0
e.3,0.46060606060606063,0.8969105428732758,0.5078396253839028,0.8623001547189273,0.7791501976284585,0.3486238532110092,0.6785714285714286,0.2992125984251969,1939.0
d.131,0.23367697594501718,0.7293472372697725,0.13442006204863116,0.7992799279927992,0.6500135427952329,0.15454545454545454,0.4788732394366197,0.13229571984435798,1111.0
d.20,0.448,0.9233897202342225,0.6615940344632637,0.7136929460580913,0.8223812621990891,0.2916666666666667,0.9655172413793104,0.28865979381443296,241.0
c.116,0.40208333333333335,0.8290030223598475,0.3764091244358866,0.8321146534074291,0.727845721265019,0.30250783699059564,0.5993788819875776,0.2516297262059974,3419.0
a.73,0.21262458471760798,0.5039101601601601,0.15099086616904359,0.5316205533596838,0.4905217717717718,0.14096916299559473,0.43243243243243246,0.11895910780669144,506.0
d.113,0.48807339449541287,0.8468239714861988,0.5285381653142833,0.7739975698663426,0.7775080816732518,0.3546666666666667,0.7823529411764706,0.32281553398058255,2469.0
c.101,0.32808988764044944,0.7983600048433923,0.29858066300929553,0.7102011146110977,0.7372787034351478,0.20842255531763026,0.7704485488126649,0.19623655913978494,4127.0
c.70,0.5301204819277109,0.9762544802867383,0.8561275623133633,0.8712871287128713,0.8920250896057347,0.3728813559322034,0.9166666666666666,0.36065573770491804,303.0
d.110,0.49631966351209256,0.8270459332412715,0.6552707862380934,0.6357414448669202,0.7162754041650974,0.3496296296296296,0.855072463768116,0.3300699300699301,1315.0
g.7,0.34545454545454546,0.6054736842105264,0.3306185529104796,0.4,0.5326315789473685,0.2235294117647059,0.76,0.2087912087912088,120.0
a.220,0.43373493975903615,0.727996254681648,0.5043815421620702,0.584070796460177,0.6446629213483146,0.3050847457627119,0.75,0.27692307692307694,113.0
f.32,0.2718651211801897,0.8348109586750991,0.16289620534041907,0.9640908382268877,0.6281786179362059,0.26875,0.27505330490405117,0.1573170731707317,19243.0
e.10,0.14035087719298245,0.7795248078266946,0.14316648450571484,0.9120287253141831,0.5495457721872816,0.13333333333333333,0.14814814814814814,0.07547169811320754,557.0
c.108,0.2995415180845644,0.8192246743147884,0.2507494010535164,0.8659452081505313,0.7150492022868631,0.2063157894736842,0.5464684014869888,0.17615338526063512,10257.0
f.1,0.37797619047619047,0.7702211500035261,0.3063558519377182,0.7746023186842815,0.7048058105503185,0.2728249194414608,0.6150121065375302,0.23302752293577983,3709.0
c.31,0.42016806722689076,0.8863446645693448,0.40952449875820207,0.8449935815147626,0.7878581485921858,0.2966101694915254,0.720164609053498,0.26595744680851063,9348.0
d.168,0.4413453650533224,0.9263530978303438,0.5498403605949163,0.8930086410054988,0.8273998347674623,0.31206496519721577,0.7535014005602241,0.2831578947368421,6365.0
e.23,0.43196004993757803,0.9433403008434049,0.5139844314769879,0.8874319643740722,0.8604656290757325,0.29190101237345334,0.8304,0.2754777070063694,12126.0
c.13,0.0,0.6033351839286082,0.04755304626977877,0.9471890971039182,0.4916003536693192,0.0,0.0,0.0,1174.0
e.69,0.37209302325581395,0.8605185570586195,0.3607970355224699,0.9083191850594228,0.7231182795698925,0.2909090909090909,0.5161290322580645,0.22857142857142856,1178.0
d.207,0.23904382470119523,0.8117094187454961,0.1473682828220242,0.8384778012684989,0.6861440333634872,0.15544041450777202,0.5172413793103449,0.13574660633484162,2365.0
b.1,0.4569377990430622,0.718640448880282,0.4458195030417432,0.5745079662605436,0.646486915934257,0.32318104906937395,0.7795918367346939,0.2961240310077519,1067.0
d.5,0.23655913978494625,0.8173913043478261,0.41046040669920186,0.4156378600823045,0.657806324110672,0.13496932515337423,0.9565217391304348,0.13414634146341464,486.0
c.90,0.42053789731051344,0.9128743699664271,0.45030756196357297,0.9419686581782566,0.7701649620986317,0.3282442748091603,0.5850340136054422,0.26625386996904027,4084.0
a.24,0.33229813664596275,0.7062050765651586,0.32640111841982794,0.6033210332103321,0.6395638737456162,0.21881390593047034,0.6903225806451613,0.19925512104283055,1084.0
c.51,0.4426229508196721,0.8748677742517579,0.6352205771952175,0.7540687160940326,0.7817808474892665,0.30337078651685395,0.8181818181818182,0.28421052631578947,553.0
c.49,0.30364372469635625,0.853893034320104,0.29158052863113526,0.8925671455340413,0.7456362841574495,0.20491803278688525,0.5859375,0.17899761336515513,3202.0
d.120,0.35294117647058826,0.9437389363503426,0.3169776558393024,0.8878186968838527,0.8865783498807049,0.22040816326530613,0.8852459016393442,0.21428571428571427,1765.0
g.52,0.2659380692167577,0.7871697103485183,0.27508995237492584,0.7256637168141593,0.6971603451735902,0.1662870159453303,0.6636363636363637,0.15336134453781514,1469.0
c.7,0.14925373134328357,0.6314766140989353,0.0662094543294931,0.9437425977102251,0.5849592263108235,0.11627906976744186,0.20833333333333334,0.08064516129032258,5066.0
d.150,0.3516483516483517,0.7598389982110912,0.38404378925167004,0.875,0.6487504743318697,0.3333333333333333,0.37209302325581395,0.21333333333333335,944.0
d.250,0.3175,0.8320849420849422,0.3706725981641602,0.8349455864570737,0.7414060489060489,0.21166666666666667,0.635,0.1887072808320951,3308.0
c.94,0.3957943925233645,0.8886727267582346,0.48876206609686446,0.8250456667343211,0.8069270545553111,0.26452217364147407,0.7857142857142857,0.24672298281386543,14781.0
d.218,0.5105263157894737,0.9334706826976612,0.5795212192420585,0.8960893854748604,0.8244182782785546,0.3895582329317269,0.7404580152671756,0.34275618374558303,3580.0
c.92,0.5103448275862069,0.9537934186471664,0.6614470499136342,0.879045996592845,0.9003427787934186,0.3523809523809524,0.925,0.3425925925925926,587.0
d.118,0.2927400468384075,0.7966209349593496,0.3000578008217554,0.7790782735918069,0.7198953415945449,0.18882175226586104,0.6510416666666666,0.17146776406035666,2734.0
b.70,0.5625,0.9637039768885611,0.6778343336411629,0.9221789883268483,0.8540629417911365,0.4411764705882353,0.7758620689655172,0.391304347826087,1799.0
d.171,0.09523809523809523,0.864086931276181,0.07915446178572787,0.9557453416149069,0.5627929160963875,0.06818181818181818,0.15789473684210525,0.05,1288.0
a.29,0.4303659202621518,0.8487044138083875,0.5115171272075332,0.7011461318051576,0.7598307935425723,0.28928046989721,0.8400852878464818,0.2741823242867084,3490.0
d.61,0.4008097165991903,0.8891332702488428,0.38390964560379554,0.7891737891737892,0.799263445947674,0.2661290322580645,0.8114754098360656,0.25063291139240507,1404.0
b.51,0.45614035087719296,0.8768007416916275,0.4677683932497644,0.8306010928961749,0.7658857509627728,0.34210526315789475,0.6842105263157895,0.29545454545454547,549.0
a.42,0.48257372654155495,0.7904462085956749,0.519551119069712,0.6678141135972461,0.7175577502158395,0.34571062740076824,0.7988165680473372,0.31802120141342755,1743.0
f.3,0.2557077625570776,0.5681452539646059,0.22813416217711482,0.3895131086142322,0.5343599172603999,0.15469613259668508,0.7368421052631579,0.14659685863874344,267.0
a.209,0.3625,0.8981003752345216,0.3310972225561916,0.8831615120274914,0.7995719981238274,0.24369747899159663,0.7073170731707317,0.22137404580152673,873.0
f.38,0.4,0.9563125859022188,0.508189022801566,0.8824742268041237,0.8735028470449637,0.2602739726027397,0.8636363636363636,0.25,485.0
a.265,0.5490196078431373,0.8210784313725491,0.534400037371819,0.7415730337078652,0.772875816993464,0.4117647058823529,0.8235294117647058,0.3783783783783784,178.0
d.41,0.2490118577075099,0.7713889670329671,0.15362110986473132,0.9103244837758112,0.6470153846153845,0.1903323262839879,0.36,0.14221218961625282,16950.0
b.29,0.46904761904761905,0.8517008363201911,0.44740942264747163,0.7929433611884865,0.7559799283154122,0.3511586452762923,0.7060931899641577,0.30637636080870917,2154.0
d.256,0.06818181818181818,0.7166364590289039,0.05084301650300254,0.9158974358974359,0.535128302966708,0.045454545454545456,0.13636363636363635,0.03529411764705882,975.0
d.14,0.4311111111111111,0.8799990639264345,0.45378672729213787,0.8423159839852171,0.782513776293198,0.3094098883572568,0.7106227106227107,0.2747875354107649,3247.0
d.86,0.3469387755102041,0.7441272581540169,0.33627351234544234,0.6631578947368421,0.6762439114618657,0.23129251700680273,0.6938775510204082,0.20987654320987653,380.0
c.124,0.40107671601615075,0.9227079385499789,0.529413938958052,0.8813965884861408,0.827809263863053,0.27140255009107467,0.7680412371134021,0.25084175084175087,3752.0
a.134,0.6990291262135923,0.8412280701754385,0.7700879119835512,0.6836734693877551,0.7320175438596491,0.5538461538461539,0.9473684210526315,0.5373134328358209,98.0
d.15,0.37966101694915255,0.8526912568306011,0.4354430930725739,0.8160804020100503,0.7631147540983607,0.26046511627906976,0.7,0.23430962343096234,995.0
b.36,0.4161073825503356,0.6753098499673842,0.43042806745049905,0.5372340425531915,0.6087736464448793,0.2897196261682243,0.7380952380952381,0.2627118644067797,188.0
d.127,0.6400679117147708,0.9512915313514864,0.6802339267853,0.904783292162587,0.8750467704776972,0.5178571428571429,0.8377777777777777,0.4706616729088639,4453.0
d.13,0.3761904761904762,0.7901575683683629,0.3055782345461799,0.7671111111111111,0.704841847751865,0.26916524701873934,0.6245059288537549,0.2316715542521994,2250.0
c.123,0.2638888888888889,0.7880756321064796,0.15663663047050747,0.8978805394990366,0.6578181438078536,0.1986062717770035,0.3931034482758621,0.152,9342.0
f.4,0.2601626016260163,0.8718769357836053,0.35482116452851054,0.8694404591104734,0.7174788354325832,0.1702127659574468,0.5517241379310345,0.14953271028037382,697.0
f.26,0.0779510022271715,0.7192275572028893,0.0478269608067442,0.8805539526832084,0.5476039167800687,0.04861111111111111,0.19662921348314608,0.04055619930475087,6932.0
d.322,0.1724137931034483,0.8854434090036185,0.20169125538485758,0.9650655021834061,0.5615840223170067,0.23809523809523808,0.13513513513513514,0.09433962264150944,1374.0
c.4,0.29517241379310344,0.8720974912780818,0.29730153574749724,0.8735774369124196,0.7301948299659446,0.19888475836431227,0.5721925133689839,0.17313915857605178,4042.0
d.90,0.35133770822816757,0.8451177281911572,0.2883260216155587,0.8209558311272119,0.7516013592236381,0.23803009575923392,0.6705202312138728,0.2131047152480098,7177.0
d.68,0.6062992125984252,0.9486985863727815,0.5921083463511874,0.9544367240004556,0.8232645177983957,0.5490196078431373,0.676923076923077,0.4350282485875706,8779.0
b.61,0.307981220657277,0.6889758475406623,0.22904352915252746,0.6672185430463576,0.6408328941055633,0.20646244229962232,0.6059113300492611,0.18201997780244172,6644.0
f.21,0.10659186535764376,0.8189292413283913,0.08321549635554337,0.9142203070293563,0.6216181559526781,0.06397306397306397,0.31932773109243695,0.056296296296296296,7426.0
d.258,0.26755852842809363,0.8498665738484743,0.2933576974930746,0.8813651137594799,0.7052224736048265,0.18099547511312217,0.5128205128205128,0.15444015444015444,1846.0
b.160,0.1708542713567839,0.8023561318755827,0.1265104667948454,0.6921641791044776,0.7145944571573861,0.09659090909090909,0.7391304347826086,0.09340659340659341,536.0
d.261,0.4246575342465753,0.8936781609195402,0.4317411301042475,0.824634655532359,0.7706635318704285,0.30392156862745096,0.7045454545454546,0.26956521739130435,479.0
g.39,0.08480565371024736,0.6992881400208986,0.0675791362317444,0.9101630246271245,0.5297152560083594,0.06521739130434782,0.12121212121212122,0.04428044280442804,2883.0
d.190,0.10666666666666667,0.7061577004219409,0.07500500025523255,0.8978658536585366,0.5461497890295359,0.0784313725490196,0.16666666666666666,0.056338028169014086,656.0
e.17,0.3318777292576419,0.9015050392770603,0.35706931837086403,0.9128949615713066,0.7615575482184633,0.229607250755287,0.5984251968503937,0.19895287958115182,3513.0
d.210,0.3012345679012346,0.823414819156639,0.2915949777894392,0.9278245345575108,0.6937874242894413,0.22846441947565543,0.4420289855072464,0.17732558139534885,3921.0
d.63,0.5627118644067797,0.8430682132007733,0.6132078096502966,0.7556818181818182,0.777754763877382,0.43005181347150256,0.8137254901960784,0.3915094339622642,528.0
d.37,0.41867954911433175,0.8595805212465298,0.4068851543860456,0.8351598173515982,0.7864673087728753,0.2937853107344633,0.7282913165266106,0.26476578411405294,4380.0
a.39,0.4549590536851683,0.8230340405109772,0.4902020457150046,0.8229905437352246,0.7560771362911505,0.3443526170798898,0.6702412868632708,0.2944640753828033,3384.0
d.230,0.0,0.5866199158485274,0.04013996289599672,0.9536340852130326,0.49096774193548387,0.0,0.0,0.0,1596.0
d.48,0.3051948051948052,0.7199634013838851,0.21014524366762624,0.7598204264870931,0.6619059873048551,0.21266968325791855,0.5402298850574713,0.18007662835249041,891.0
d.52,0.41904761904761906,0.9020895522388059,0.3896049485057166,0.7918088737201365,0.8317910447761194,0.275,0.88,0.26506024096385544,293.0
a.96,0.4740740740740741,0.8706432333274158,0.49233663589014287,0.8371559633027523,0.7957571453932185,0.34782608695652173,0.7441860465116279,0.3106796116504854,436.0
d.178,0.5204460966542751,0.9190001511383465,0.5799347172622937,0.8821200121839781,0.8086027488859272,0.4077669902912621,0.7191780821917808,0.35175879396984927,3283.0
d.220,0.2222222222222222,0.5552118039029034,0.2633005315287374,0.704225352112676,0.5736554021894336,0.15254237288135594,0.4090909090909091,0.125,213.0
f.54,0.46616541353383456,0.8615753339581524,0.4631896760007111,0.9122915379864114,0.7340642961189716,0.4189189189189189,0.5254237288135594,0.30392156862745096,3238.0
g.40,0.4411764705882353,0.6016666666666667,0.3692130449165174,0.3090909090909091,0.525,0.2830188679245283,1.0,0.2830188679245283,55.0
b.34,0.7037037037037037,0.8138888888888889,0.8006831834758712,0.7064220183486238,0.7269097222222223,0.6031746031746031,0.8444444444444444,0.5428571428571428,109.0
d.56,0.3148558758314856,0.9015288741926398,0.32881559617801037,0.9574204216618437,0.7131916497851583,0.23986486486486486,0.45806451612903226,0.1868421052631579,7257.0
c.140,0.3923076923076923,0.888088878566175,0.340083426765213,0.8509433962264151,0.7565258906566537,0.281767955801105,0.6455696202531646,0.24401913875598086,1060.0
j.129,0.37209302325581395,0.8465789045993825,0.23573995366790315,0.9409190371991247,0.7086624410856492,0.3137254901960784,0.45714285714285713,0.22857142857142856,914.0
a.127,0.16326530612244897,0.7924855082708893,0.16453740812816942,0.9686544342507645,0.5819666336773647,0.14814814814814814,0.18181818181818182,0.08888888888888889,1308.0
d.287,0.1724137931034483,0.7895774352521757,0.16106228005464135,0.9291774253043158,0.571301247771836,0.16393442622950818,0.18181818181818182,0.09433962264150944,2711.0
d.154,0.16974169741697417,0.877252896289155,0.1314366257420077,0.9317561419472248,0.6246160067974967,0.11794871794871795,0.3026315789473684,0.09274193548387097,3297.0
e.51,0.3297180043383948,0.8661756511027686,0.21327698049657345,0.9296127562642369,0.7667248357578602,0.22822822822822822,0.59375,0.1974025974025974,4390.0
d.80,0.2727272727272727,0.6835284280936456,0.1835605613381578,0.6536796536796536,0.6530100334448161,0.1724137931034483,0.6521739130434783,0.15789473684210525,231.0
c.17,0.29508196721311475,0.8186979560938684,0.25604041349658985,0.8774055595153243,0.671821052048522,0.2222222222222222,0.43902439024390244,0.17307692307692307,1403.0
h.4,0.12987012987012986,0.8036105577689243,0.09151625124444346,0.947940947940948,0.5621887450199203,0.1111111111111111,0.15625,0.06944444444444445,1287.0
c.52,0.41533546325878595,0.7957052488498536,0.40816782763423526,0.7950727883538634,0.7431840757005437,0.2995391705069124,0.6770833333333334,0.2620967741935484,893.0
d.130,0.2697201017811705,0.844208789342134,0.232679330691853,0.8096816976127321,0.7155758855266244,0.17320261437908496,0.6091954022988506,0.15588235294117647,1508.0
c.143,0.1890547263681592,0.7929734480525488,0.12292785696490927,0.8682295877122069,0.7031062077898048,0.11515151515151516,0.5277777777777778,0.1043956043956044,1237.0
b.121,0.3469119579500657,0.862955935672938,0.2537749170734925,0.8929340801378716,0.7361494527564947,0.2509505703422053,0.5617021276595745,0.20985691573926868,4642.0
b.43,0.30196936542669583,0.6902777777777778,0.30672920757277605,0.6502192982456141,0.6183080808080808,0.20474777448071216,0.575,0.17783505154639176,912.0
b.6,0.3939393939393939,0.9133463541666667,0.514654171683988,0.84375,0.8291666666666666,0.26,0.8125,0.24528301886792453,512.0
c.104,0.5073170731707317,0.8808879873788595,0.5693620051485414,0.8555078683834049,0.7449290060851927,0.4406779661016949,0.5977011494252874,0.33986928104575165,699.0
a.26,0.21666666666666667,0.6442769970414202,0.1865440217585778,0.8729729729729729,0.5697577662721893,0.23214285714285715,0.203125,0.12149532710280374,740.0
b.42,0.2553191489361702,0.7306306306306306,0.31674899713274296,0.732824427480916,0.5554054054054054,0.2222222222222222,0.3,0.14634146341463414,131.0
a.4,0.3684210526315789,0.8613636363636363,0.5549972607121357,0.5339805825242718,0.6996212121212121,0.22950819672131148,0.9333333333333333,0.22580645161290322,103.0
b.2,0.3448275862068966,0.7427104523878718,0.2971393035730625,0.759493670886076,0.6645355032451807,0.25316455696202533,0.5405405405405406,0.20833333333333334,316.0
c.65,0.30793157076205285,0.8212634166524692,0.25773771787078625,0.846815834767642,0.7068507070362888,0.21428571428571427,0.5469613259668509,0.18198529411764705,2905.0
c.132,0.30985915492957744,0.8888171732742058,0.22936984719249795,0.8596792668957618,0.7818145231713152,0.19927536231884058,0.6962025316455697,0.18333333333333332,1746.0
d.159,0.27794561933534745,0.9519471836871135,0.21794113310651733,0.9241269841269841,0.834860228982116,0.17100371747211895,0.7419354838709677,0.16140350877192983,3150.0
d.216,0.4639175257731959,0.9517195767195767,0.6509599416632655,0.8308943089430895,0.8796847442680775,0.3082191780821918,0.9375,0.30201342281879195,615.0
e.1,0.15384615384615385,0.6847793679189028,0.12509536356079703,0.8654060066740823,0.5869558735837805,0.10576923076923077,0.28205128205128205,0.08333333333333333,1798.0
d.139,0.32098765432098764,0.8679056968699075,0.42027301988945703,0.8099078341013825,0.765911256717209,0.20689655172413793,0.7155963302752294,0.19117647058823528,1736.0
d.224,0.32432432432432434,0.8969491783323189,0.5095880368510447,0.868815592203898,0.77778200446338,0.2131979695431472,0.6774193548387096,0.1935483870967742,1334.0
d.147,0.5925925925925926,0.8481136363636363,0.6737529270988634,0.8952380952380953,0.769090909090909,0.5853658536585366,0.6,0.42105263157894735,630.0
h.1,0.11864406779661017,0.5051020408163265,0.14059683913810128,0.5478260869565217,0.4065126050420168,0.08333333333333333,0.20588235294117646,0.06306306306306306,230.0
c.145,0.5777777777777777,0.9843617920540997,0.8868275751596184,0.8729096989966555,0.9304029304029304,0.40625,1.0,0.40625,299.0
c.146,0.549618320610687,0.8766241039426524,0.5999130534809717,0.8595238095238096,0.8118279569892473,0.43373493975903615,0.75,0.37894736842105264,420.0
a.204,0.6136363636363636,0.904130253849355,0.6404345795781209,0.9077340569877883,0.777907823553891,0.6206896551724138,0.6067415730337079,0.4426229508196721,737.0
d.280,0.40384615384615385,0.9604051565377533,0.5688925552875216,0.8381201044386423,0.9143646408839778,0.25301204819277107,1.0,0.25301204819277107,383.0
e.74,0.6161616161616161,0.9528468100890207,0.7921997088125156,0.8104738154613467,0.8682538946587537,0.4552238805970149,0.953125,0.44525547445255476,401.0
d.275,0.4247787610619469,0.9333922782198645,0.6694255505413603,0.7735191637630662,0.8408488063660478,0.27586206896551724,0.9230769230769231,0.2696629213483146,287.0
a.11,0.19642857142857142,0.5849056603773585,0.10107142785278012,0.4827586206896552,0.5962264150943396,0.1134020618556701,0.7333333333333333,0.10891089108910891,174.0
