scope,n_res,n,f1_mean,auc_mean,ap_mean,acc_mean,bacc_mean,prec_mean,rec_mean,jac_mean,f1_std,auc_std,ap_std,acc_std,bacc_std,prec_std,rec_std,jac_std
l,375801.0,849.0,0.4688144314320876,0.8872961663276926,0.5459286205397779,0.8373976718254441,0.7981889341231845,0.35047938088413544,0.7601021703259886,0.3221651475161938,0.17227717202058407,0.09818888662262384,0.2627277228114237,0.08418601555871033,0.11562021031410726,0.1460155257124561,0.24355433557849965,0.14359919871794347
d,940074.0,2087.0,0.49472661211006225,0.9072117448575926,0.6024842366799639,0.8567461274398033,0.8204846217139423,0.3739798675440032,0.7843412987689399,0.3477611495086232,0.18354689852213063,0.09126074897514107,0.28521203811071044,0.07934681623902304,0.1149043720780834,0.16033524266190965,0.2335169262812158,0.15801902755733763
c,1337524.0,2324.0,0.3983665995587462,0.8660563236358204,0.43665703587923266,0.8396632239646533,0.7650674043942878,0.29324622511460835,0.6862070828479766,0.26511588616029486,0.1834285837074552,0.11340408135724148,0.25312945813216997,0.07398183970734122,0.12256690591072712,0.15427817643369396,0.2701804078938461,0.14444577545541262
-,446342.0,852.0,0.3217388701848006,0.8479392352483905,0.37166089706864913,0.8192910576922281,0.7433653142074337,0.22354274054979853,0.6657469189126098,0.20336945953884156,0.1642886116024803,0.12006927174290896,0.24193514101472732,0.11479757391771521,0.13175497424904384,0.1310802316318993,0.28486875753946134,0.12011879676988711
a,258565.0,555.0,0.41827935436346037,0.8674363592213921,0.4814975875417504,0.8248459720256632,0.7572578838625792,0.31660885474817463,0.6891381898994522,0.2800593372659696,0.176479049350753,0.09100761901367281,0.24594888592296718,0.11598427486134591,0.1165121699281594,0.15411084023442426,0.26400505285708004,0.14139744118974698
e,202232.0,245.0,0.3800629102150607,0.8664763521644844,0.4466893888463524,0.9023516979764384,0.7627445304005722,0.28381614930390947,0.610407886486234,0.25628875706030985,0.21710226482747536,0.139702996104153,0.2961985705163762,0.050600314476366336,0.17027884524248624,0.16637836133813555,0.3369607887127092,0.16336243248914614
b,287824.0,939.0,0.5517728501556401,0.8926697578948661,0.6308728652059756,0.8297614439963455,0.82037152319848,0.43841046852091825,0.8169932191332971,0.41514812336160917,0.21919128738218355,0.10082565983460179,0.2689300384961272,0.10611355159130365,0.1153545554414415,0.2232069483985328,0.188668136858673,0.22842331318710976
g,25085.0,39.0,0.3079867499398569,0.7959267712706962,0.3004714427448124,0.8077785674192243,0.67255957514968,0.22638518930596602,0.5381894659149553,0.19735453092022529,0.19050154772919098,0.11807799533522499,0.21682483835772598,0.15857531525845034,0.12686937751819588,0.15531681592544702,0.2980555283263167,0.14110124277374925
f,54860.0,65.0,0.23328096300739312,0.7727207560309846,0.23759270092464332,0.8352818119667429,0.627891389154992,0.17885684725708967,0.4111471218057104,0.14509967425912806,0.1867027385965492,0.10075909790753258,0.19515825485106986,0.1294967031472732,0.1167325805888009,0.16350396012281143,0.3102140617691066,0.12598315002507957
j,914.0,1.0,0.3720930232558139,0.8465789045993825,0.2357399536679031,0.9409190371991248,0.7086624410856492,0.3137254901960784,0.4571428571428571,0.2285714285714285,,,,,,,,
h,1517.0,2.0,0.12425709883336995,0.6543562992926254,0.1160565451912723,0.7478835174487348,0.48435067503096857,0.09722222222222221,0.1810661764705882,0.0662537537537537,0.007938024618206894,0.21107739657912142,0.0347052165242278,0.2829239314556006,0.11007965424732177,0.019641855032959673,0.035095373330949926,0.004512318048112369
l.1,375801.0,849.0,0.4688144314320876,0.8872961663276926,0.5459286205397779,0.8373976718254441,0.7981889341231845,0.35047938088413544,0.7601021703259886,0.3221651475161938,0.17227717202058407,0.09818888662262384,0.2627277228114237,0.08418601555871033,0.11562021031410726,0.1460155257124561,0.24355433557849965,0.14359919871794347
d.122,46960.0,162.0,0.5057244409945779,0.9120803072977526,0.641488939236685,0.7838161337142685,0.8254054844564499,0.3594820281059415,0.8891325893706759,0.3495463589207768,0.1397549144018725,0.08132246505383578,0.23960346471916313,0.06431618906353147,0.08179619865756503,0.11618730018302491,0.1753269864543603,0.12032107526589586
c.48,17903.0,12.0,0.3151236780965119,0.9260401605835074,0.2731223848289689,0.9182136401084731,0.7766830853399247,0.2150118455987916,0.6263857987941603,0.1875076121478725,0.03497442592790773,0.008717159453720832,0.04781276742134226,0.018415617294595746,0.042668578756596895,0.036462222515908076,0.10425424540902034,0.025064512051279065
c.56,47812.0,78.0,0.38080662412375793,0.8913590870133575,0.4096928143618599,0.8518655832486621,0.7877098517079376,0.27053028127574363,0.7192703254360961,0.24809748972720982,0.16849670289201757,0.059098069783924526,0.22050586926112042,0.05066188368912309,0.105401104357238,0.13709102305826648,0.24653533252392232,0.12633074808302888
d.144,367502.0,1018.0,0.5971427025427999,0.9560809695640806,0.7785368630809922,0.8904112863181777,0.8886203508187022,0.45964879165406736,0.8887066435106398,0.4380941742683906,0.13696077648461802,0.054476860790731,0.2055601035709226,0.03708201917693334,0.07701223830364017,0.1296341683711949,0.15849769552936782,0.12859457261363072
c.2,165358.0,295.0,0.44462783546693796,0.8887835457859643,0.4838783396911583,0.8332802907522867,0.7904904697521277,0.32988220003673846,0.7502183957160041,0.3062309154728628,0.19405785119854443,0.07099390039327494,0.2837100529322952,0.06168637174487665,0.09929851445435837,0.1716215549157375,0.23516595478458455,0.1653061929455842
d.58,47927.0,63.0,0.2806666340058288,0.8070354650938706,0.27572762128414774,0.780228471895767,0.7014991134130185,0.18622205889043417,0.6275006747702999,0.17018237515364268,0.13357910405007165,0.11539374494961713,0.18461298819447258,0.14381510213536738,0.10616857991544297,0.09678201239480454,0.2751459564348687,0.09113880896255062
a.103,9885.0,10.0,0.33916396968313856,0.8486283501882996,0.345409114803015,0.9093686954449286,0.6951581129283875,0.2761488581937498,0.4624240296740297,0.21935856339767187,0.19528143556394859,0.05851650947321521,0.24360420495177998,0.051037967725495424,0.11440857666007043,0.1628893069277494,0.27122593357222274,0.14401360472637065
d.104,8210.0,13.0,0.33185310183957145,0.8198580935611355,0.27338690093995244,0.8547039555481271,0.6974838174242879,0.24860768544103903,0.515411087984571,0.20154977035584315,0.08209428851954156,0.04681286498960806,0.10250599644868959,0.03422072381692949,0.05645757864069465,0.06851873020392185,0.12773885641464683,0.05761114270848318
e.8,116245.0,147.0,0.4285266115258129,0.8892274129581682,0.5339927860905009,0.9147257793874134,0.8017829358087338,0.3184289202695073,0.6795518214849768,0.29601478621937516,0.22164218552036957,0.1419988439921776,0.3048210027219147,0.051827547766415405,0.1772244442011097,0.17226968706934032,0.33881233131165744,0.16746514842458507
b.60,6857.0,41.0,0.5234633920470567,0.8582494619035167,0.6315185418549674,0.6832391573049691,0.7505611159621045,0.3770000591740906,0.8817379417765074,0.3626831411300376,0.12104036164740765,0.08158550841518414,0.1915201294017944,0.06434314968679625,0.06531262083096503,0.10314371072529956,0.15110509073225292,0.10284345439092905
c.14,23115.0,22.0,0.27135795892217524,0.814691376165684,0.24221834541427387,0.8646761988665493,0.6875122250795737,0.19095648179767355,0.49717294307715326,0.16131590874346638,0.10560994864304381,0.059145894033701386,0.15033033362018536,0.08070768978930261,0.06574961914030972,0.08409991987073138,0.18217866654124656,0.07462842386080779
b.96,1272.0,3.0,0.20446354787125576,0.7384380331036535,0.1537776185723819,0.7264147969678434,0.6531516778695549,0.12536445192038123,0.5694444444444445,0.11421269932845907,0.03815524148449484,0.023353188032842153,0.007669659559190392,0.0061280103788923365,0.01015254351279111,0.028729423693571336,0.025220939842725013,0.023962101870974948
d.38,9368.0,19.0,0.2475688193665434,0.7317856374817291,0.2212718217617747,0.7426894915595419,0.6518167110976344,0.16336346149816938,0.5562173676201106,0.1465639294825643,0.12349938244031314,0.09399013175182766,0.11873197725789532,0.11995211291064724,0.10907736866822595,0.08045071602008842,0.3044822917574484,0.07938703428633992
d.169,1870.0,1.0,0.0,0.8106757067340842,0.0622400226647434,0.9748663101604278,0.4975436681222707,0.0,0.0,0.0,,,,,,,,
d.174,22746.0,34.0,0.3476626818977998,0.9250580790745357,0.3531875051570791,0.8997572114207532,0.814140505719284,0.23232373579601612,0.7229222472249401,0.21714038308715544,0.12257162801344643,0.036679314526439244,0.22684346180050344,0.012108088568341025,0.07857436339142743,0.09424096587252301,0.16311443255717017,0.09385715449011975
a.25,2128.0,1.0,0.0,0.747366240530303,0.0209075892055863,0.9854323308270676,0.4964488636363636,0.0,0.0,0.0,,,,,,,,
d.32,6742.0,16.0,0.25319224727847567,0.7343588490388695,0.20814396390349058,0.8083203409199666,0.6342654960791774,0.18346168828301967,0.43199084904784396,0.1478783845087562,0.09149969281360201,0.06495171350231417,0.10784201604721264,0.05136584760219092,0.05750058997387928,0.07774503926230426,0.12616462646239043,0.05980034099505164
d.3,3766.0,8.0,0.4041274040911066,0.8741611436685819,0.43277753189794765,0.8312928647246343,0.7688703419257192,0.29216703875759603,0.701092786986836,0.2611766901224742,0.1399582493948327,0.06587980582888,0.20845378106618195,0.07820952817628248,0.10895164048532885,0.11636429066708363,0.25953030346578815,0.10367472254963331
c.37,161799.0,262.0,0.3755693119043334,0.8466805429377562,0.4085300564426085,0.8320995782853431,0.7340298628193607,0.2767931415474334,0.634411630452857,0.24819428737098462,0.18947782902621282,0.09941060738161188,0.25474779515714596,0.08256754226114073,0.1180263277135994,0.15346107315334898,0.2910945371681548,0.1475286649181033
d.17,3214.0,12.0,0.44891042554006994,0.8341006649363365,0.4831192178240395,0.7309139343707702,0.7314691354063513,0.3268609976385769,0.7508300011902517,0.29824871338338227,0.13695000687145512,0.06316636376754454,0.19277148775065653,0.08607345397461157,0.06788328862745878,0.11483216972527538,0.21540561911764194,0.10926343165106721
d.128,5613.0,6.0,0.16504290772183824,0.7006239048633603,0.12265294469538622,0.8731714636865825,0.589253441567749,0.1208050385958176,0.28204338072191976,0.09738076332421763,0.15708144101178306,0.1039841941071754,0.13719119871480365,0.04796423074001263,0.09055186329446621,0.12880358525027438,0.21083441711576845,0.10448494924280716
c.1,143803.0,298.0,0.45719932358465226,0.9131225695024888,0.5067344321480901,0.8730934104928254,0.8149118977208941,0.3459437907734422,0.7490482694781501,0.309313293897175,0.1561486351722361,0.0616374013940959,0.22854464655262569,0.04324177677213164,0.09595414253164572,0.1470287813486478,0.20904694322215692,0.12939637376124163
g.41,5103.0,13.0,0.373378985408643,0.7657609167574275,0.38312618381731106,0.7455097676127491,0.6956661444975137,0.27696654417587585,0.647126963731815,0.253046243755284,0.22938629469458816,0.14948854827377206,0.28090221389977804,0.10014451922000352,0.14217265096540188,0.19617702657422437,0.2794271306879976,0.1820971510562088
c.42,5706.0,12.0,0.49733978264968837,0.9507435921546841,0.5934130710671295,0.8836481049130143,0.8844493908988098,0.3556286231602339,0.8842747915510044,0.3376164240927683,0.11159028366514806,0.02442624209031563,0.13926222865699034,0.028919031001421416,0.05008250171752358,0.10347589512936742,0.09883307097206039,0.09777897656175358
a.126,24093.0,33.0,0.15222868464611009,0.7215771454106913,0.12828964739402263,0.9100252746219908,0.570935185525211,0.12798852849566233,0.20634750557787204,0.08751909891862764,0.12760376018034,0.09851348395248224,0.09674580331906515,0.06973709279853937,0.0767540974564558,0.10510944422663492,0.19749850775567412,0.07684488171811514
c.79,7261.0,10.0,0.47071093628043925,0.9378197788536078,0.6149567488865191,0.8617363609984819,0.8442436788413176,0.33592570587879156,0.8339875255981557,0.32281949704967794,0.18172470454094589,0.05982011250473557,0.30847093640438095,0.04972104699661769,0.11057220963188677,0.13859910229349287,0.26639521869087146,0.1409616603083902
d.36,1272.0,3.0,0.2166205192316859,0.7873166797483645,0.22114412693495702,0.675314465408805,0.6880256343295187,0.12820044070044062,0.7026138782460621,0.12163034604555066,0.02641908920555845,0.008666651809382562,0.017370476478054685,0.016565493322095472,0.01906227827557365,0.01772253143291813,0.02208913825044519,0.01661042268571373
b.74,36454.0,134.0,0.46091580871932614,0.8910229361607468,0.526886947533899,0.8142888463046346,0.8157748868840737,0.32449636951915567,0.817792283193207,0.30377693599313904,0.08715111082447531,0.04702090776893648,0.1295262113484331,0.0325128613024746,0.05140213424613501,0.07918925395071111,0.08972622115270236,0.07717610738792784
d.162,23962.0,40.0,0.4211945097767341,0.8714341560015921,0.43656040944100905,0.8524113458621698,0.7718714452626708,0.313455146640422,0.6814108876050659,0.2804937858934444,0.16325210209974148,0.0585239110274406,0.23328908783270572,0.04411938085357356,0.07890270157509345,0.1481639079618943,0.16735348653921941,0.1371765541686549
c.72,16310.0,28.0,0.372470704228257,0.8594763580923063,0.3882681146271544,0.8347452296309834,0.7571612075885172,0.2679017033570232,0.67009266337009,0.23908803043906865,0.1542603344424456,0.0625277011681466,0.17870235905467471,0.056576697411867154,0.10095674627944329,0.13480857416745748,0.2365703202667196,0.1129645054074126
d.179,8655.0,8.0,0.21833306031091815,0.7780640406858148,0.15387604083089668,0.9072010594495783,0.6467546741926827,0.1625896284934848,0.363847767819502,0.12652522679214895,0.11560779972877196,0.1094463346485876,0.07726401743592094,0.03718904634153807,0.10345361275215412,0.08237075862616403,0.2336678042055901,0.07017116382210511
c.93,338.0,1.0,0.3636363636363636,0.9354142692750288,0.6166208684867812,0.7928994082840237,0.8469505178365937,0.2272727272727272,0.9090909090909092,0.2222222222222222,,,,,,,,
c.71,29288.0,126.0,0.513907074664714,0.8974764750776428,0.6386057086647124,0.7451423580571933,0.8039887474153442,0.37074832416183334,0.8924596100755446,0.3536803159297574,0.11674695874958602,0.053887702900414176,0.19251127975774698,0.06431411762565145,0.05549160675742261,0.10790806986862816,0.13400896365508777,0.10145715635542729
c.43,9731.0,8.0,0.17118364433185684,0.7928572075071354,0.18485634478390695,0.9071609618589467,0.6295527024576821,0.1159340244662673,0.33543252341218294,0.10113780352913955,0.1606357062059792,0.07753800479644068,0.1459852092299089,0.06979790965885853,0.1220368355072876,0.10927328785510981,0.3112871225303469,0.09823045582687184
c.58,14949.0,20.0,0.4563716381037916,0.8875323026736618,0.46749720762925656,0.8571117465462527,0.7998654249481769,0.3426973642828273,0.7399486664143908,0.3126588282885524,0.18239838254453183,0.05345484787770598,0.23808664350075076,0.06155612405798096,0.08267849379890507,0.16637148779699948,0.18937682389956065,0.15205791496255877
c.66,61589.0,151.0,0.46534539822099114,0.8898834935500829,0.5322327256162344,0.8344246425784144,0.7984158586290455,0.3464002835870382,0.7607782863964087,0.3190336908112854,0.17103698155673763,0.06949326651954532,0.2522702325692347,0.050107508625404654,0.09088913987947922,0.15336206544975395,0.20119735387417567,0.14385952343132083
a.123,74798.0,193.0,0.4778598460908782,0.8782039108722328,0.522020062847106,0.8424437880631641,0.7725867735092747,0.38340831251022045,0.6921706178789427,0.33336509156030725,0.18799378788045165,0.06788528841047421,0.2602702502220276,0.05030743940511619,0.1034882300796896,0.16941714557192047,0.24369524640711507,0.15911458287290398
d.92,48581.0,104.0,0.4138297629020163,0.8609079882936672,0.47441919404139565,0.8298316089908859,0.7596547257782552,0.31855203939233756,0.6844217395293929,0.2684340890840494,0.12560779946851877,0.09383761825817824,0.19568676487418563,0.11573970250503873,0.09614104735909776,0.13026337928792736,0.20358953929303175,0.09652247237748221
c.69,48709.0,78.0,0.41851121830594423,0.9106893841229845,0.44976282788929656,0.8906521074232264,0.8039526645700487,0.3064670877315975,0.7103539003747102,0.2760069973181292,0.1519679395922037,0.063652099077838,0.2156111190329244,0.044562891618535994,0.09121266055589916,0.13082014872561495,0.2021825011734927,0.12062642312647792
c.95,18439.0,24.0,0.3569729178386678,0.8667913771579839,0.3906438388276357,0.8772863986272128,0.7410917804542949,0.26492528798910037,0.5914894985306675,0.22763321323545713,0.15558033922495873,0.06880068616261086,0.2342368134819554,0.04580646772102896,0.10609364352433553,0.12501252079802463,0.24603946768714507,0.11461477823027529
g.3,15455.0,17.0,0.3075370839375347,0.8639292665950087,0.28027325886609045,0.9208480097283893,0.7021466306372334,0.23531810879634812,0.46682022273802515,0.19182335143804,0.16368109190701213,0.05164382102303301,0.18187854556876756,0.025953817586963784,0.11300354296449608,0.13118995511335235,0.2488443944341899,0.1114771303381263
d.81,38881.0,36.0,0.3273703509888001,0.8766464626961002,0.2940774711761011,0.884735527921866,0.7380686620897569,0.2414985439115841,0.5813841328351506,0.20438953959540435,0.1393090024187774,0.05138470854338953,0.18114986591965068,0.04579855952896638,0.09330424357593713,0.11363238435162394,0.22781916332214053,0.1077370195623175
c.82,43172.0,49.0,0.4177517244534905,0.8902124933587166,0.40964734005641096,0.8839555617617445,0.7885559047681091,0.3128687680541162,0.6850874835175244,0.2799635402466819,0.1798059369759017,0.0528521172970963,0.24280266728047514,0.04021344339954535,0.09606817767724865,0.1565547991244332,0.2154063236824895,0.1439033059033934
d.79,10580.0,18.0,0.37934344548597604,0.8459756450329277,0.4306281434283328,0.8578484262178896,0.7210735373992131,0.296429648306995,0.5701307442957955,0.2468013098799332,0.1768485626243702,0.08786798127821283,0.26351925889483246,0.08334078651629438,0.11251514640024235,0.15135231248260034,0.27671169728171885,0.12422066732485502
b.50,153008.0,498.0,0.6781186033721085,0.9466455298845674,0.7830219876246198,0.8889210393251816,0.8887645137366741,0.5658645853194574,0.8947992595513597,0.5469055801888837,0.20002262002069446,0.06435154249966099,0.22570482035224915,0.06181408105698833,0.07993883722882357,0.21732472216655932,0.1304372657330987,0.226037951766059
c.97,9073.0,11.0,0.2302974059935919,0.8198037027416931,0.2262119334647535,0.8511256311977782,0.6755224860687555,0.15924538529469826,0.4924546843203271,0.13675358130037935,0.14077781513137183,0.08391554353834435,0.18351439787047297,0.11721197792843724,0.13921429837231533,0.08169036446751776,0.37069501218601747,0.09167642028753942
c.55,40964.0,101.0,0.2382349598876252,0.6101213308052652,0.27881624829548085,0.7498092947000345,0.5968235228349312,0.17141617369413145,0.4154577091911275,0.15718626852354808,0.23135975914163273,0.2686054540511936,0.29108867387208326,0.1040327774190678,0.2112768138943642,0.17718515557725645,0.3650117885434592,0.1697752501797935
d.153,10368.0,12.0,0.3438003225952813,0.8711231296446806,0.2710181493479761,0.9043170461496981,0.7265675443684708,0.26016394889504896,0.5327319556582972,0.21916425866597108,0.16877008358460655,0.04876275035897937,0.14090326087387994,0.026309666006174508,0.09051849788039606,0.14307919890137955,0.1949614458383029,0.12424599857659369
c.25,13797.0,27.0,0.417495991209121,0.8714529570284486,0.422946540542296,0.8168796272750882,0.7708350345768821,0.30182555465369904,0.7195581999235003,0.2692509427424141,0.1080073195023109,0.038013038930507816,0.17182449567365984,0.06168839455530459,0.06268338903942137,0.09912349076840256,0.16447991608026338,0.08297504241817145
c.26,42936.0,80.0,0.4154689535945228,0.8592839682226924,0.4433712802155808,0.8345656587826834,0.7491585900548939,0.31377941535134835,0.6605910833204915,0.27703078004370274,0.17492245662310915,0.10280588184176616,0.23217837732265184,0.07779274674490946,0.10328409226566873,0.1473716612222526,0.2591831787438994,0.1373740534124689
c.68,27759.0,39.0,0.29724307316554227,0.7788531594560718,0.26082520141178245,0.8341919161509722,0.6753791880493603,0.23285997910102296,0.4939449069220092,0.186171542335057,0.16667482809271736,0.10615613202255747,0.18936730519301143,0.08309876722876647,0.11095793283559485,0.15412214944768957,0.24258312437085813,0.12255619793105421
a.211,29438.0,57.0,0.4350016046022237,0.9060531516728744,0.5079652515107816,0.8716342987216564,0.8005124717250015,0.32079515351907956,0.7229333967036323,0.2916165439096645,0.16538058266133002,0.06985885343823542,0.24807667329039074,0.055807877500369335,0.09962183461054297,0.14165167675732376,0.21147916363937735,0.1322727395086516
c.47,25751.0,50.0,0.3347125597232057,0.8558113336270604,0.33425245724523883,0.8547702540507158,0.7286544646867175,0.24275610140301557,0.5921170595900689,0.2132822436641779,0.1709961786627643,0.07512059945306893,0.19497633496195216,0.054390009626129214,0.1247988722105814,0.12665636654551662,0.29644599664147897,0.12297903738152612
f.33,6954.0,6.0,0.1328258465502896,0.7541344951673593,0.11639817085258182,0.9081299303661795,0.5841447661866735,0.09274464765828859,0.23981252602509406,0.07532113416252519,0.12479685339458252,0.12300180287848185,0.10887467367311891,0.020217506676294027,0.11078019738061658,0.08564395349506472,0.23109789890863286,0.0752007301498255
d.54,1842.0,4.0,0.3309311879173619,0.9229713501845819,0.37821000302162366,0.8388222238047762,0.8335106778502541,0.20708091504598983,0.8282772904483431,0.19968747492680616,0.06603024984528218,0.039173695513268235,0.22562590677257355,0.011731934065895745,0.05000959952980912,0.045303107744641864,0.10025914872818675,0.04767996461926439
a.93,595.0,2.0,0.2816796729840208,0.8409345895048614,0.4015595365760679,0.7728758169934641,0.7265759684031646,0.17948717948717946,0.6750700280112045,0.1639536835039436,0.011561760822076612,0.008488264021342376,0.09876854551879155,0.09474306545309949,0.007244565237143833,0.018130943107347405,0.12280285835732754,0.007831691149238498
c.73,11254.0,9.0,0.21979765947421562,0.8130399745435306,0.18503321705371314,0.8702620978288578,0.6668170600471267,0.15175435828266487,0.45351952652133254,0.13258169691322885,0.1682355794026774,0.09590628829060587,0.14539262302316663,0.07674715320090882,0.1291697353391779,0.11114658887536669,0.31350653123938943,0.10870674115226701
b.85,11259.0,24.0,0.3175572956573334,0.7836585868404353,0.32903065386663627,0.7901927176940159,0.6990801969926036,0.22489026743654053,0.6018088548728311,0.1976208543587731,0.15097478864512137,0.10750230195964632,0.2037102204483857,0.10763014080910728,0.11302002957523162,0.11814327150516218,0.28053111227492755,0.10359801262714798
a.102,36175.0,45.0,0.4652800733743661,0.9473731122843512,0.5645692300379292,0.9222434834859448,0.8625666802453433,0.3328994945556942,0.7979039089921235,0.3103749229460736,0.11916540700549522,0.03920724794519997,0.17663873529545912,0.010480199656939894,0.08564643127892498,0.09711806490589044,0.17567357164644265,0.09543629607032406
c.60,4309.0,6.0,0.3102780398236232,0.8647622920567873,0.2976706217795199,0.8942496493560835,0.7021098860999424,0.2385360554478201,0.4925636300636301,0.19625392005984732,0.19095154819159452,0.06043298749199323,0.19331792536002634,0.04541386267034744,0.14590694013307615,0.12881868822918624,0.34626007432896694,0.1341872162904979
d.96,4992.0,6.0,0.13303384246780472,0.6674311913179416,0.12232419271615252,0.9146387947130153,0.5666843236058952,0.10795120517342738,0.19305555555555554,0.07853132387706853,0.16328629146835758,0.18951019762649587,0.1307315693762308,0.036965139574513285,0.10522720504613954,0.13529257233577902,0.23513687897021138,0.1000416519668003
d.143,2687.0,8.0,0.3375647806183825,0.8426017856150281,0.3635108441108284,0.8141110605984933,0.734886751753262,0.23347502908195836,0.642749953083191,0.20657556789939793,0.09507744152347408,0.025576561004864037,0.10720137448315839,0.0119518467789975,0.034046828059105826,0.08198942065888488,0.08052493625674206,0.07041163976429973
c.23,48668.0,90.0,0.3668944166566514,0.8652298438317424,0.3827939230780987,0.8139402883724586,0.760696296772895,0.25947585745274165,0.708138643072628,0.23861673901631292,0.1717977419969087,0.059156467938814516,0.2239005013222929,0.06345508054588567,0.09892559472202118,0.14261366905915113,0.2538999374307102,0.13538539627865767
d.157,10762.0,19.0,0.3003167421187711,0.8536639870925467,0.33962560325174923,0.8220890943419503,0.7413460321838179,0.204809317024522,0.6549635098018491,0.1842743219480413,0.13953628804708648,0.06897558244848935,0.18011907384315295,0.0735479155830557,0.10822456360633757,0.11757490468333803,0.27668422654994806,0.0982026095698937
a.118,2049.0,4.0,0.3255004315610376,0.8275176558864644,0.3633785598824141,0.7855792935345465,0.7281816687113989,0.21915125261882062,0.6618408089188489,0.19491217320261434,0.04079194331337176,0.07282195877466406,0.11192449170325489,0.08711283170770442,0.05402389029498008,0.0390514597774447,0.1323394065028075,0.02876456388042599
c.34,1326.0,2.0,0.3407930169932213,0.8153707128118332,0.3435481892014983,0.8987142464246425,0.7120269427411845,0.257314795600747,0.5059523809523809,0.21385869565217389,0.19593338611390645,0.1675526983763454,0.35796078685106136,0.00378251564743621,0.12570224713869566,0.15524361371557743,0.26095607400932114,0.14334284205575118
c.87,48229.0,54.0,0.34326669432857054,0.8672021833329211,0.39089324801524655,0.9086026416383219,0.7394701810313058,0.2533815114655188,0.5584873365397631,0.2266507895089785,0.21904817077156238,0.13185768533267733,0.2537171243373871,0.03478173311313737,0.1736629308562282,0.16611612171440945,0.35503040697696275,0.15052686229040416
d.166,12972.0,23.0,0.3996278763373648,0.8747057956339724,0.4455873174970461,0.8755930743738389,0.742418402624757,0.31394475287863544,0.590037167281892,0.26291883325195387,0.1747002390517064,0.08917462091812836,0.2234409888611741,0.06043445691058152,0.11895030543106404,0.1540588304663818,0.24938385057213502,0.1271408912989833
d.176,263.0,1.0,0.5904761904761905,0.9274097105955512,0.6935259536573352,0.8365019011406845,0.8370605118392729,0.4558823529411764,0.8378378378378378,0.4189189189189189,,,,,,,,
e.6,34065.0,32.0,0.3202608745553951,0.8595472936300328,0.28313211029892105,0.8913462480466092,0.6976544489969185,0.2453643734606675,0.48425771283689334,0.19814041436102092,0.13423158364808832,0.034684453309234115,0.13826192456073425,0.04037286882613073,0.08678744115681125,0.10435808214594136,0.2084860634283226,0.09737630247130573
c.110,3049.0,11.0,0.3680247956339784,0.8242345693403439,0.4379571074128085,0.7228914883727563,0.7219585741038682,0.2511085702421871,0.7320082274627729,0.2316569119384708,0.12538661473824558,0.0613773002371135,0.2179542843829218,0.07126740870379432,0.09244120736257368,0.09120414127203469,0.25680394755760133,0.08858976851958635
b.47,18781.0,62.0,0.43679179203243657,0.8418804626627265,0.5472244203811583,0.7444016629553956,0.74428574839335,0.3363280612945957,0.7507246096807835,0.28934347987194836,0.13624918717036227,0.08227351716703814,0.18520504353766504,0.13582346551756933,0.0786982422662575,0.14492469877568045,0.17810770797724385,0.11605469795120957
c.86,3225.0,7.0,0.46393129705363184,0.9612869191390571,0.6216985821467105,0.8407936004700906,0.9001998146671816,0.3061493775293716,0.970200039748912,0.3038384768873739,0.062065001353409706,0.013124560170112445,0.12436034451062963,0.012381309956732131,0.014543670252381614,0.05137795875343607,0.0385539028341764,0.05240609550001413
b.30,752.0,1.0,0.2549019607843137,0.8824521072796935,0.2658517673891956,0.898936170212766,0.6979821200510855,0.1733333333333333,0.4814814814814814,0.146067415730337,,,,,,,,
a.121,7034.0,17.0,0.3473990677801148,0.7991315813562698,0.31428451669371227,0.7889638622392038,0.6949058146233368,0.25204046214561704,0.6004230049868996,0.21994411368363725,0.1569149849711574,0.05437248922394675,0.1503203905318568,0.09960047032933281,0.10367334780345572,0.1113377019589749,0.3250075948391989,0.10919822000284786
c.100,1134.0,2.0,0.1671472606144973,0.7399744118572175,0.10688922251289584,0.8515855876335531,0.6075170337066178,0.11263138818412465,0.3379629629629629,0.0912266161496566,0.013921362501236573,0.018654385935745636,0.00867816922678184,0.003094295416649448,0.051298922498969945,0.00038443645225802914,0.11130384518677143,0.008288369800789574
d.87,21134.0,20.0,0.3939642811452954,0.9042828125977603,0.37344631648959237,0.8527503698534717,0.8197353713101563,0.272653714191999,0.7856580651414783,0.2539621922199402,0.1351954372172117,0.030048879703515517,0.19794194635133508,0.04228036588183877,0.053185150045081155,0.11773709184620562,0.1387411188669816,0.10877247902503635
e.75,3426.0,4.0,0.019645550527903424,0.5454223217154226,0.04554898476468022,0.9130189858731277,0.48590363265778747,0.019926583964115476,0.019923769923769902,0.009954287006525776,0.013321119758405766,0.010017871361336894,0.004064377447256799,0.008170873028939296,0.00927102902640503,0.014487896368753311,0.013298573154813212,0.006752809447424813
a.104,40374.0,71.0,0.373501912915928,0.8938191760581672,0.4454372261897251,0.860974533816503,0.7869949561093947,0.26106704961033683,0.7068925179466553,0.2362543422744529,0.12320085315498146,0.06579595267859738,0.2057812307895194,0.047523632039238574,0.10222579074958361,0.08823048686905284,0.23720321221424845,0.08902852399163545
e.52,2988.0,3.0,0.20301851757318967,0.8373478808659245,0.12132745721873044,0.8353413654618475,0.6837889283233171,0.12640188670525573,0.5196056307758435,0.1140316405753472,0.06726518500124136,0.01600741457420611,0.028420699263209576,0.0017390068349084687,0.061203361900007885,0.044641110211877326,0.1238448199864519,0.04224733559807031
d.387,1436.0,4.0,0.5398361555724116,0.9407197441378747,0.6838458506865024,0.837069694288004,0.8652233579477089,0.39273819334680965,0.9000261889796772,0.3752333391699755,0.11007960585016509,0.02964395232629661,0.16081054226671093,0.04647165394830511,0.036465825463375595,0.10753965905086987,0.0516370996571335,0.09776094086953324
c.77,12825.0,13.0,0.3144426252878778,0.8660516909623117,0.30434429320853407,0.8848985434502534,0.701948255011841,0.2533616492926823,0.50136693934944,0.19227445091746276,0.1227666251139286,0.05880996024561615,0.1472428721083771,0.062229287185711996,0.10771245285924286,0.10746522990675143,0.2491646414963005,0.0854950291101862
d.129,2506.0,11.0,0.4552335951555593,0.8479812363926015,0.5482281406910825,0.7543674352432816,0.7673782242620321,0.32404410460547367,0.7942198428858508,0.30417554527110996,0.14197287253169416,0.07241213437434646,0.2079314699170812,0.057295823464637755,0.0804657077396935,0.11731664131891203,0.18315989409451192,0.11426133126720613
b.82,17972.0,59.0,0.36231348364988714,0.8152591265096553,0.403149439734353,0.768534855402838,0.7227856613444548,0.2547775572727096,0.6736087698171483,0.22895349879430452,0.13374463604047793,0.0944922310941414,0.19996165640659264,0.09473722400479491,0.10458907982291676,0.10577788456729606,0.23178990387238851,0.09672717859191195
b.81,8997.0,16.0,0.274668582513298,0.7474859221491446,0.2412553511084401,0.8063697619852557,0.6542252101218411,0.20236484417120343,0.48153956532175646,0.16603885537816537,0.13774856668905958,0.14852741759389745,0.15130682117132488,0.09377085732245655,0.1199081981621386,0.11315340077879846,0.23991697865691902,0.09153545314637587
d.2,443.0,2.0,0.5400848999393572,0.9180994944023113,0.6527474132015316,0.7817483829556116,0.8248230408089563,0.3865671641791045,0.8966666666666667,0.3703324225865209,0.034819327248239974,0.007102988486350349,0.08254091122696607,0.09697274896290108,0.02531437169339932,0.018996898599041575,0.08956685895029597,0.03268275878435086
c.67,53728.0,68.0,0.3730880356831169,0.9369807835267988,0.4284817247666049,0.8625766787414223,0.8624291043135325,0.24375064978103628,0.8644706961854283,0.23622702786464161,0.1204214202540421,0.030040876830043722,0.21106030176263307,0.03118666708823417,0.05602665026696748,0.09658734670969332,0.13038236467919667,0.095121572145836
c.78,1920.0,4.0,0.4183305941370457,0.8928877691320191,0.5563113962475165,0.8902971906680182,0.7821977530836219,0.30684152448858326,0.661952861952862,0.2703889938631635,0.12779659608792462,0.0641364512261906,0.2839126011791049,0.0246868785178149,0.09735358880218264,0.09288871137964483,0.21757564294546733,0.09751890365924301
c.117,543.0,1.0,0.2696629213483146,0.8352895752895753,0.2663551485810672,0.8802946593001841,0.6898069498069498,0.1875,0.48,0.1558441558441558,,,,,,,,
a.128,10868.0,23.0,0.4187304853558751,0.9276307353492309,0.5187325649363125,0.8593977571300144,0.8240538147621019,0.2993935877497113,0.7853585864181339,0.27220119434460066,0.12069205345738176,0.027478655408167275,0.20411766994528077,0.03905038944920652,0.08390016059249665,0.11677839769623624,0.20915280518757912,0.10222589580551383
c.45,4571.0,14.0,0.2120175940379308,0.7544447081567297,0.24385874889585915,0.8364184730911193,0.5801137307779695,0.19755581340432174,0.2626655250333876,0.12188766939734504,0.10109452752587585,0.06707845629008376,0.07906617204460985,0.036671792539376386,0.07713045244123554,0.07569096152661361,0.17596507563919853,0.06306914119633435
a.208,522.0,2.0,0.5796010296010297,0.931700770493874,0.660579485194136,0.7964825656939327,0.8646496463306809,0.41526315789473683,0.9625,0.40987480838017376,0.07216675385854983,0.002567805981951989,0.094304880747812,0.010387660955413262,0.024797190723971147,0.06401177177057167,0.053033008588991036,0.0716320487328733
d.16,14852.0,20.0,0.5278635520800433,0.911195892992238,0.5422575976668222,0.8934956652536691,0.8004307379969202,0.4432459811948686,0.6937507382858752,0.386579666574869,0.22028142610270307,0.05864911940950078,0.29540395499753647,0.03323192282793663,0.09346590181914348,0.22001776353485275,0.17693416740276494,0.19809039434955392
e.22,4110.0,7.0,0.507579074882735,0.912232620299343,0.531717809533244,0.8785642581386277,0.819147976989555,0.38917227367522716,0.75223061070672,0.3512356887430674,0.1504012620961513,0.052608148297991424,0.24561363139179326,0.02123430079728245,0.07792002179687267,0.12983164802481847,0.16707012888181647,0.1294083853239447
b.3,4853.0,11.0,0.19746728333482863,0.7857694650450878,0.21757821323785667,0.7521274011361953,0.667905980110415,0.12170954154700254,0.5773620319074864,0.11168107164098161,0.08438723260303985,0.09898893397571774,0.17101192035648588,0.11850783865277441,0.12278519817778256,0.051208770524800364,0.3030171964642009,0.05018680198937062
c.39,659.0,1.0,0.1496598639455782,0.8180921052631579,0.1355360355920909,0.8103186646433991,0.6980674342105263,0.0859375,0.5789473684210527,0.0808823529411764,,,,,,,,
c.62,2002.0,5.0,0.12179749681764182,0.5872176839827816,0.11294641134039436,0.759312173537259,0.5040961837076343,0.08748982846727205,0.2007563025210084,0.06732265039542665,0.10083615965046473,0.12090099517727505,0.052761499600034824,0.08542450093345541,0.07747408363876453,0.07193987343874682,0.16873610334649317,0.057645691169962196
f.13,5240.0,10.0,0.2534624445591442,0.7706164188245922,0.23886404287394353,0.8222422938892825,0.6751984962610285,0.17385334244517503,0.5114946354262367,0.14943444269895917,0.11341413931217291,0.08930206632266109,0.15955497051864678,0.06085471402441685,0.11157097218376837,0.06904061716126507,0.2944881890370392,0.07396915330297751
d.145,6391.0,10.0,0.38817275519824584,0.8959039672365208,0.38386830518390525,0.8544966605257445,0.7924990040253136,0.2790060914563671,0.7221250275225685,0.25185886321416284,0.151455101499082,0.03567904034934603,0.20794226695530518,0.02296379625402089,0.04350020885652676,0.1501645460380649,0.08224109461744261,0.13083727371372156
d.108,18857.0,59.0,0.4141852953981895,0.8088721001371325,0.4318730047846049,0.7589507708426798,0.7098804220874672,0.3133811914785818,0.655579251494901,0.26998978273059654,0.13532168490176213,0.06852222051924674,0.19890766338907723,0.06937025188362288,0.07548592545843459,0.11197000896159029,0.22083251158151287,0.10566769191882518
c.98,870.0,2.0,0.39874110563765736,0.9624185090573836,0.6288094963385165,0.8316837964725289,0.9109799137808519,0.25021367521367516,1.0,0.25021367521367516,0.0700527243540039,0.006042502475730192,0.045367872476629725,0.03418445421038888,0.017628260154409145,0.05469501170716454,0.0,0.05469501170716454
c.61,5604.0,11.0,0.3029947964303787,0.8288322761142678,0.3189972523954498,0.8292044978234873,0.7193211109455816,0.20537606466195973,0.6038375156786919,0.19298151170463818,0.20163034528383442,0.11589565570552697,0.2290469534670068,0.03813863826192682,0.1656258857320968,0.14199893616924453,0.3695704594479576,0.13393375970086308
c.28,5117.0,9.0,0.38265392303533585,0.8445791709960796,0.37659924174785614,0.8854747185089656,0.72326246253056,0.3167818878848291,0.53846675489898,0.250155635163584,0.18226475410717974,0.07457548599613344,0.18787793990663346,0.03076061401936981,0.10335399075786096,0.16078191275713227,0.23127631242042732,0.13626369439407174
d.26,8731.0,17.0,0.34716336663542585,0.8645889792367064,0.37943800783446435,0.7678288246606606,0.7266909006182151,0.23697529278237012,0.7113260779852072,0.21787755075584334,0.13566754808557682,0.05974771973336289,0.23283448359643516,0.1764352776773776,0.06905770939557793,0.10196045074938394,0.23226602309382266,0.10171339403052124
c.36,30000.0,23.0,0.30109212583023925,0.9023572364702764,0.26107649329446214,0.8937233344794432,0.7658975745973677,0.20640005125349742,0.6298105892442977,0.1819649952269357,0.10781938930694657,0.03398072302140561,0.17026324678822014,0.03533967636226136,0.09219429510480616,0.08499360500647583,0.21018269193317562,0.07844044197976077
b.45,5138.0,14.0,0.3613309004612306,0.8093995485858466,0.3359268694099295,0.7695646638074013,0.7098834524665526,0.2619091578237926,0.6408046009038826,0.22378258512526217,0.08600062316738709,0.05484180231527248,0.13111796998957803,0.09813383418159499,0.06196704249718782,0.06868533924413615,0.20489571391863703,0.06751389992831015
e.5,3442.0,4.0,0.0684918032786885,0.4523244004738165,0.05387402937842568,0.8057520435619687,0.4849504823510623,0.0470159583129783,0.12619047619047616,0.03589384471737408,0.04613789317662595,0.051511328794414404,0.02694008547610137,0.07773840180088845,0.012124810527993217,0.03168552971126457,0.08506135502418828,0.024201916033245997
c.122,4451.0,5.0,0.4894167617376041,0.9254395492188385,0.5718128497608171,0.8861556240628394,0.8110284072008129,0.3687786608203161,0.7382557680975996,0.3521287370657126,0.2561798087629676,0.062152885706188765,0.3723399469218805,0.049561908908222804,0.16634465521675554,0.19461858386406078,0.37878074125358174,0.20834918683540826
f.43,669.0,1.0,0.1658986175115207,0.724128073184677,0.1658519448495029,0.7294469357249627,0.6422241280731846,0.0978260869565217,0.5454545454545454,0.0904522613065326,,,,,,,,
d.117,20390.0,30.0,0.36996892390281,0.8682383100136478,0.3619190454764576,0.8829339736010794,0.7575607938935253,0.2758832455622206,0.6188289558854172,0.23680207071849202,0.14971637205793445,0.08472114636793317,0.20079322179480727,0.04084030225162165,0.10981199249032908,0.11681516842660301,0.24757224441633272,0.11158712654156855
d.31,2217.0,3.0,0.4103288425322324,0.9271902630945091,0.5093997946881413,0.8808556400364118,0.8439484996174006,0.2787012936553231,0.8043144564442738,0.2591715305379501,0.055642957009399564,0.011222491329140046,0.1043790752675592,0.06118208513254308,0.007168843870111823,0.05805799751465776,0.05339144612890136,0.044983178828678694
d.167,3801.0,15.0,0.5008815728232604,0.9103738913301288,0.6574656189211631,0.7901498662156115,0.8315589920966124,0.35580214876079735,0.8904448618575426,0.3466398901154864,0.15662756562951763,0.09118629977799332,0.2614781708728056,0.04881714810484409,0.08666494871669059,0.12948653490725143,0.15847542469480283,0.12898251486403198
e.7,12054.0,12.0,0.11254361756677585,0.7413576906681812,0.11937603752743554,0.9078331595399832,0.5430593717212775,0.11669464521800448,0.14207512920545515,0.06213251234471373,0.09437142352699748,0.03197553091512327,0.07043996983248496,0.043087716231375396,0.06607000243496329,0.08600005254014852,0.15378849236469727,0.054753538560375965
c.109,9946.0,10.0,0.3202391017048615,0.8903256308977451,0.294348039562103,0.9158778267192431,0.7512954692884972,0.22633914336517127,0.5768311428173571,0.19982849309135958,0.15170613391857402,0.060199575530710106,0.22594446356099238,0.02506202100967603,0.10190548610431535,0.11836855952791722,0.2170334105937842,0.11324618070049183
c.3,3440.0,7.0,0.5453308754085142,0.920329889536655,0.593838881960877,0.8273024602461264,0.8366690578928315,0.4021102981448289,0.8577039538875965,0.37842263073177473,0.07994550927380387,0.028237735013601484,0.16024765345164219,0.0559536655267881,0.03730751105832845,0.0713975141954926,0.10052258827495898,0.07516248843120872
b.62,330.0,1.0,0.3424657534246575,0.8727530747398298,0.424836313914574,0.7090909090909091,0.7924550614947966,0.211864406779661,0.8928571428571429,0.2066115702479339,,,,,,,,
c.81,6022.0,6.0,0.43485744825952,0.9113399019158752,0.4388271333881761,0.8943895284408261,0.7834722138258751,0.3278549829668247,0.6581810281362539,0.2826610304978555,0.11021237735278144,0.041595077647952575,0.1577736995400202,0.025680406122130846,0.07193968491951067,0.09315126950436768,0.1468811225332703,0.08222874060186777
c.16,9029.0,12.0,0.19996643878600376,0.7826778429999689,0.18829313164868947,0.9062733280961837,0.6094717679867929,0.15578400498327258,0.28594407429745305,0.11790551925566078,0.1408177948674044,0.06276440268125516,0.16801232071914765,0.030072430413655264,0.09355314241218586,0.10260045719714414,0.21799680142455707,0.09545323384496508
b.68,2438.0,6.0,0.401417626819295,0.8833844207507462,0.5477309830320618,0.813249353793041,0.7638234734314832,0.29972858938639974,0.708315192151399,0.2537984205461213,0.08266705561557898,0.037073056266182555,0.2347438694178723,0.07628567826155035,0.05852580885547872,0.07982399313917295,0.20686382556646277,0.06248785341098298
d.19,550.0,2.0,0.2668272447477586,0.6762372946859903,0.20143819617046715,0.6709090909090909,0.5948599033816425,0.18537808641975306,0.49111111111111116,0.1539558089807555,0.0037848616683342595,0.10194033946761565,0.002153685576132075,0.06428243465332244,0.07232301821875163,0.017732230238088537,0.09742360096347992,0.00251998140123508
d.165,5226.0,15.0,0.5008151278316245,0.9265240343820161,0.557938274768914,0.8801429037711457,0.8293193397642044,0.3915380082601427,0.7672277358795351,0.3440955934515167,0.13832987071253225,0.045462601993719105,0.2259395202267419,0.027212888122913878,0.06297401864374567,0.14611296590586054,0.12399671780124324,0.11699455669685029
b.18,154.0,1.0,0.2535211267605634,0.6332089552238805,0.1859831581014866,0.6558441558441559,0.5682835820895522,0.1764705882352941,0.45,0.1451612903225806,,,,,,,,
a.133,5639.0,30.0,0.3970954508040233,0.8440032080173988,0.6314075929931688,0.5350570190783056,0.6713851745028232,0.26418189949334825,0.8873488389566504,0.2535608367364987,0.11285284448337372,0.08158176565352612,0.20243402940510616,0.12443621354595347,0.05079110605395026,0.09274717646306974,0.11965155092617667,0.08580747262346992
d.142,14326.0,24.0,0.34751844312454483,0.8575981186079299,0.3526313875463087,0.8539944619335481,0.7451215931081024,0.24533633546520237,0.6273508547081902,0.21950269997817032,0.14867475815430234,0.11706569920489214,0.19103050760699578,0.05521068896797842,0.10971364791908501,0.11398155397678217,0.25561674878027824,0.1070995440879161
c.50,5342.0,14.0,0.5703911901715973,0.8978574208832931,0.6079637390497801,0.8683695236845935,0.8006320365482746,0.4954635215058519,0.7098927101698782,0.41211148435112,0.1454519489673794,0.05681730247746756,0.2055962236447836,0.05235789888381774,0.06444351453222126,0.17484488600543963,0.10716802297112459,0.13972072891300474
d.146,2299.0,7.0,0.5487814571791028,0.8711512328049598,0.584470960274908,0.8444384018509455,0.786896158289791,0.4599053570905407,0.7131042241457289,0.3919394621421001,0.15865148204894963,0.09358841935176133,0.2748421193752455,0.03700072869983828,0.08473590979667356,0.16257209490105748,0.185656421564859,0.14724149635673897
e.3,1939.0,5.0,0.4549730661495367,0.8802154245044186,0.5011984573617876,0.865190946566073,0.7650217851856093,0.355241895614678,0.6489879846401585,0.31352121237824615,0.21969393815707,0.10224343582742837,0.3031416943283029,0.019595937978697735,0.13489334516604193,0.18647107988706982,0.2626002786839777,0.1678964794171805
d.131,1111.0,3.0,0.21573347433257264,0.7145336177125854,0.1767461481115057,0.7867873851014897,0.6359861900726055,0.1417833800186741,0.4588744588744589,0.12424563043888352,0.12037694569942087,0.1639369699463712,0.12209942066023803,0.05579363892815906,0.15027033344634705,0.0772921887607984,0.27490881768759357,0.07422781595009736
d.20,241.0,1.0,0.448,0.9233897202342224,0.6615940344632637,0.7136929460580913,0.8223812621990891,0.2916666666666667,0.9655172413793104,0.2886597938144329,,,,,,,,
c.116,3419.0,11.0,0.4074722466224122,0.8485662398950342,0.4168000765761507,0.8290483126099918,0.7316242338752315,0.3432574708005865,0.60263600569496,0.2582682244485,0.0737161793839101,0.08190212794182283,0.12075273306614343,0.048740966425713364,0.08643525502831927,0.12032813569965135,0.20471362522677194,0.057165649218975115
a.73,506.0,3.0,0.20939365125411635,0.4871923231658255,0.1590983233058608,0.5222810544393303,0.4792359714117678,0.1416622593093181,0.4241977492751486,0.1181061628430049,0.07019607236080613,0.0281273764215614,0.08395359467841654,0.066041158959208,0.03021375033477021,0.05907230723135294,0.04490061714370393,0.04462226711104037
d.113,2469.0,11.0,0.49480101321330816,0.8461020730595812,0.5356073685958578,0.7681869591842698,0.7696474219009276,0.36543945595544325,0.7818356984697012,0.33961100031609526,0.14371595608211368,0.08588574500069979,0.2479176569399561,0.0491173362825419,0.08024937270000926,0.11904837556422745,0.1686034412677146,0.1259593830121019
c.101,4127.0,13.0,0.3306135808032946,0.7965629276432206,0.3259400802656524,0.6933872941656717,0.7285660092029125,0.21306069014393156,0.7733623420135509,0.20044499817399092,0.0766366378748206,0.0995258695355543,0.11320524207801493,0.06451992296516668,0.08263032447287874,0.05809777435155832,0.1300047429424649,0.05667601445193024
c.70,303.0,1.0,0.5301204819277109,0.9762544802867384,0.8561275623133633,0.8712871287128713,0.8920250896057347,0.3728813559322034,0.9166666666666666,0.360655737704918,,,,,,,,
d.110,1315.0,8.0,0.5154606003111935,0.8250215145085227,0.6516642928742784,0.6294528705043002,0.6933541019151022,0.3764938874668833,0.8508947523387346,0.35798482829264716,0.1475454977822556,0.09622447402868223,0.2607208392874213,0.05943494968388455,0.05144170223420378,0.1286784816056136,0.15230392096963988,0.12393689998362067
g.7,120.0,1.0,0.3454545454545454,0.6054736842105264,0.3306185529104796,0.4,0.5326315789473685,0.2235294117647059,0.76,0.2087912087912088,,,,,,,,
a.220,113.0,1.0,0.4337349397590361,0.727996254681648,0.5043815421620702,0.584070796460177,0.6446629213483146,0.3050847457627119,0.75,0.2769230769230769,,,,,,,,
f.32,19243.0,13.0,0.14086503572721976,0.8211043483470024,0.1831724788538517,0.9149151909597708,0.5850411785752739,0.10026254973584671,0.23808639826739372,0.08849969470138576,0.20040972602029278,0.062020979056969044,0.18856592148400633,0.09591792067388742,0.1342479068413773,0.1426702477717812,0.3406444210497053,0.12806348816238228
e.10,557.0,1.0,0.1403508771929824,0.7795248078266946,0.1431664845057148,0.9120287253141832,0.5495457721872816,0.1333333333333333,0.1481481481481481,0.0754716981132075,,,,,,,,
c.108,10257.0,19.0,0.2927704541157126,0.8251290146257413,0.2860844373367934,0.8513195027105825,0.7046062398949647,0.20280717822628383,0.5460007425322839,0.17993758598757081,0.14896709364054958,0.11752000159465824,0.22460206315159026,0.049354185144474594,0.1296668641041087,0.10223510789080428,0.29939327986119546,0.10276981194721724
f.1,3709.0,12.0,0.3828625018559421,0.6918884717755794,0.35342328698395487,0.6909055941042993,0.6394537990673312,0.2831407013335226,0.6048205046197114,0.24854116427378656,0.16600922832612727,0.11835575348365551,0.19288477002270737,0.12761993472855057,0.09018924622625606,0.12643496477655772,0.24607896665766357,0.12558134995075929
c.31,9348.0,18.0,0.4195383167032304,0.8889725008061686,0.45671225604560184,0.810939202920527,0.7779956958292,0.3055416489102194,0.7464157507871847,0.2752830650930884,0.1430281451641486,0.03612099930813791,0.18939392206493746,0.06981560284749348,0.08732568365181076,0.12131857147382433,0.24703441376106383,0.11577772156072944
d.168,6365.0,5.0,0.4817495631582217,0.9272605945056551,0.4944370524618953,0.8964686249505693,0.8292058364326215,0.3760928235743496,0.7541980394302377,0.3365308649897468,0.2002884546732863,0.035840140666191726,0.30906191772483316,0.03169070151321998,0.0808596593824512,0.1931421642259291,0.18072915679565532,0.18264321910748132
e.23,12126.0,18.0,0.440044273239084,0.9422653130257189,0.5250039436871029,0.8808309521843252,0.8567700837128368,0.3086500614468151,0.8304647903221324,0.2906451493736435,0.1305324918613591,0.019038112579575366,0.17803598587693195,0.022649518384683084,0.03897815381604212,0.11761632491442736,0.08642415700337472,0.10854389761140835
c.13,1174.0,1.0,0.0,0.6033351839286082,0.0475530462697787,0.9471890971039182,0.4916003536693192,0.0,0.0,0.0,,,,,,,,
e.69,1178.0,2.0,0.35652768284347236,0.8671985807969305,0.36856575506820316,0.9055811885892975,0.7166897861924624,0.2755825734549138,0.5083333333333333,0.22698509899979585,0.2103437260235034,0.06988709948508152,0.21513593892481817,0.015838012610478444,0.15711165611094613,0.14901541082756012,0.341768277573498,0.15703861562175214
d.207,2365.0,4.0,0.22930914152288195,0.776415910925345,0.20336538652074232,0.8183121972155596,0.6441262557518266,0.1620099977483785,0.45356321310268677,0.13801579038695122,0.17511567921940013,0.12230431283904081,0.1900333941119392,0.08453955834202237,0.1320205131453194,0.13746277656878372,0.21433962351737476,0.11503176908991175
b.1,1067.0,8.0,0.45403455928429837,0.7503648203149038,0.4862171242503137,0.5621855730301573,0.6453111909078114,0.3286566975956663,0.7961902277309254,0.296908665245684,0.0822706454366852,0.08068105826912209,0.13786377024829422,0.12606843897410358,0.057665524142517834,0.08996082243115455,0.1516310974360094,0.06923310688521336
d.5,486.0,2.0,0.23681776133209992,0.8171331888482041,0.4142006566342538,0.4158986175115207,0.656889797821069,0.13524096385542164,0.9545454545454546,0.1345238095238095,0.03401438725411699,0.11570446141861075,0.23296287855403225,0.017922061274313377,0.03585482915408211,0.02087242908321741,0.06428243465332244,0.02188663846529793
c.90,4084.0,4.0,0.3500269449214106,0.875562511183201,0.4232376666022151,0.8357599908726083,0.7117406759652033,0.2490219715234499,0.5898199023199023,0.23014770383505523,0.24296953466764323,0.029920023087537367,0.3043512484181275,0.11167946720804213,0.14376059162420646,0.17364366550400478,0.40643573784454956,0.1634378690702704
a.24,1084.0,4.0,0.3253102676477289,0.7244224205822137,0.37384737155469805,0.5646805523174212,0.6250623795984396,0.21678975994212918,0.7243938644235527,0.19874596719366122,0.11916150141500403,0.116396365292308,0.19144882065101082,0.13247165414661025,0.056542018802040954,0.08457669016979291,0.30029840054119655,0.08426378413193769
c.51,553.0,2.0,0.46568627450980393,0.861153962492438,0.524937898918902,0.7668331374853115,0.7756530472955155,0.34652406417112297,0.7961538461538462,0.32627118644067793,0.2842291963592985,0.09516853063791715,0.4670518859009851,0.054549424424085585,0.0905126733629678,0.25864226648748584,0.14686063916951375,0.2456896443105801
c.49,3202.0,4.0,0.268016443987667,0.8303638648138005,0.2871759689602128,0.8611706628125347,0.7081304580719876,0.18070194541231124,0.5464321825798064,0.16624320869287312,0.2015939485817165,0.09794091883613944,0.28108618958557535,0.07179874433349054,0.1525359400461746,0.1446527753612313,0.3687898404437528,0.13232818622883644
d.120,1765.0,2.0,0.34208261617900165,0.9334167514419298,0.31999681516676415,0.8876371883483973,0.869253656329074,0.2185,0.850609756097561,0.21354330708661415,0.180732111886751,0.04867097483642831,0.23130773271974556,0.01969830801785928,0.07911928541360258,0.1322289680818844,0.14228368158021998,0.13229021355112097
g.52,1469.0,4.0,0.23710504210185407,0.7700792791702015,0.2613648519851359,0.6882779204311372,0.6527660553229444,0.14755795739348368,0.624088874088874,0.137989236861535,0.11451421092141455,0.08526558531028325,0.13085147123876356,0.13238885753099322,0.10823118637924874,0.06627953302985609,0.35847839768268425,0.0717184505192136
c.7,5066.0,5.0,0.1408450704225352,0.6028441826436735,0.18356624266566307,0.924878847900539,0.5507188486193961,0.12820512820512822,0.15625,0.10869565217391304,0.3149391517605337,0.24780200760872326,0.3525290646355557,0.04993823308908007,0.1853511501193027,0.2866753817307423,0.34938562148434216,0.24305086711954235
d.150,944.0,2.0,0.34650235592606016,0.770867038913914,0.39662077409360724,0.8593060864451632,0.6606747372372372,0.30094466936572195,0.425,0.2343073593073593,0.33112793087822384,0.1593378025970191,0.36318366168258726,0.04293371076595768,0.19261625879787833,0.2442906018674172,0.4596194077712559,0.24718126658360917
d.250,3308.0,6.0,0.3194700998641001,0.8396652230851259,0.3857812300497836,0.8259438669766728,0.7330127102029942,0.21404683459767607,0.633877208015139,0.19925977823704663,0.16325481289075386,0.09353663157529406,0.2473605146814346,0.027361415536756285,0.13442840196740194,0.11135924062187412,0.3103501843185897,0.11327650731651853
c.94,14781.0,36.0,0.419681097190949,0.8999370686624462,0.5088021334692175,0.8265244171220063,0.8142796707695203,0.29970029786954355,0.8015679350323137,0.2734028454038733,0.12513514831303446,0.05551623038772985,0.2192861964716177,0.04187598809872052,0.07328279209594082,0.12493545837814632,0.16507707754109052,0.10204514694202844
d.218,3580.0,8.0,0.5199400910985579,0.9334643023105313,0.6127210153226965,0.8975290471932,0.824430024369313,0.4056541529653884,0.7387174743720609,0.3552241237491166,0.08702644218965062,0.02722022176929949,0.12733040689805336,0.029579405444862365,0.051791149476760404,0.08169195234084366,0.09434079554447922,0.07647753663390654
c.92,587.0,1.0,0.5103448275862069,0.9537934186471664,0.6614470499136342,0.879045996592845,0.9003427787934186,0.3523809523809524,0.925,0.3425925925925926,,,,,,,,
d.118,2734.0,5.0,0.2881756900300563,0.8165284984153626,0.3146830659185482,0.7768882943755608,0.7384203311901232,0.18827010032684707,0.6917110143525237,0.1707584048828288,0.08592438837585001,0.06121609082029474,0.14264343457830095,0.025245419940284855,0.0793381753539523,0.06360665948649537,0.18929790261015175,0.06018263516554788
b.70,1799.0,3.0,0.5613144884068094,0.9670596225996954,0.7211494119978945,0.9224298023081129,0.8529635728210128,0.4477751049544007,0.7731036556453758,0.39027340803297084,0.016031016555883515,0.007572620668771921,0.05878666797341816,0.008707085048387178,0.05694651245219104,0.03673333895012883,0.13263988701321922,0.015552177459537788
d.171,1288.0,1.0,0.0952380952380952,0.864086931276181,0.0791544617857278,0.9557453416149068,0.5627929160963875,0.0681818181818181,0.1578947368421052,0.05,,,,,,,,
a.29,3490.0,22.0,0.43476616573439286,0.8546496399866328,0.5523760157698546,0.6909976823829473,0.7550632796438447,0.29423385583549627,0.8495839369559792,0.28044261151183086,0.07345685088280311,0.03962611923613528,0.08486252852843826,0.06501132512078837,0.05302168817724971,0.05835167141067428,0.1129985752179821,0.05983424035463395
d.61,1404.0,6.0,0.4029931042168935,0.8900936628788254,0.42245382996833963,0.7877136107322809,0.7984537721761421,0.26872721868339294,0.8119178050528165,0.25375713224264346,0.05791441551431447,0.022721320103751396,0.094962785105645,0.016837522671306185,0.04994891761740908,0.042537362432418145,0.09880033933320882,0.04683420822227226
b.51,549.0,2.0,0.4548217739707101,0.8677852327427201,0.4958086009884317,0.8128048780487804,0.7558457207858561,0.34187500000000004,0.6814814814814815,0.29444444444444445,0.018757184579692908,0.0666952826401138,0.003463275926254937,0.07310602629340598,0.06911833477813782,0.002651650429449536,0.07332959212304932,0.015713484026367745
a.42,1743.0,12.0,0.4907320507147473,0.805487360304582,0.5518951277817791,0.6537667564791706,0.6968480868676602,0.35916948941142485,0.799897170730504,0.3302427599055822,0.09840489061200898,0.08509250521342875,0.23839992716663325,0.06796637988693376,0.043387535923085044,0.08885189980683797,0.1572907669914901,0.08536678902958701
f.3,267.0,1.0,0.2557077625570776,0.5681452539646059,0.2281341621771148,0.3895131086142322,0.5343599172603999,0.154696132596685,0.7368421052631579,0.1465968586387434,,,,,,,,
a.209,873.0,1.0,0.3625,0.8981003752345216,0.3310972225561916,0.8831615120274914,0.7995719981238274,0.2436974789915966,0.7073170731707317,0.2213740458015267,,,,,,,,
f.38,485.0,1.0,0.4,0.9563125859022188,0.508189022801566,0.8824742268041237,0.8735028470449637,0.2602739726027397,0.8636363636363636,0.25,,,,,,,,
a.265,178.0,1.0,0.5490196078431373,0.8210784313725491,0.534400037371819,0.7415730337078652,0.772875816993464,0.4117647058823529,0.8235294117647058,0.3783783783783784,,,,,,,,
d.41,16950.0,19.0,0.24626215777563615,0.780415080603659,0.18741775180915526,0.9079343891108035,0.6467594358735198,0.19062197769319547,0.3623489042591063,0.14352937391680576,0.09101152831701803,0.07451722966183245,0.09794004983419093,0.019991990319084905,0.060020356692765425,0.07840100156344543,0.12036234265740638,0.06333326109783008
b.29,2154.0,9.0,0.47071687486580516,0.8279593226744734,0.47960529140926744,0.7643454747543822,0.7462629496334485,0.3535409831453395,0.7183593639475991,0.30833166654441385,0.032371608185108994,0.08637722446694303,0.10209436221988603,0.07865908407351893,0.08729438441749106,0.03131897949702336,0.10642603397136675,0.02813715851395323
d.256,975.0,1.0,0.0681818181818181,0.7166364590289039,0.0508430165030025,0.915897435897436,0.535128302966708,0.0454545454545454,0.1363636363636363,0.0352941176470588,,,,,,,,
d.14,3247.0,7.0,0.4291952128663385,0.8749026783354834,0.4367172057084559,0.8360643731452294,0.7795536447392076,0.31748592389296965,0.7150824898724059,0.2856558636112377,0.17487700695519004,0.08272201096428623,0.22229702172597163,0.03752775092261697,0.1151366421876375,0.13969179673103438,0.2766758249812709,0.13067775717030755
d.86,380.0,2.0,0.35767057800956104,0.7977539124134396,0.39172919100151304,0.6550610893100666,0.6881287063474633,0.2551020408163265,0.7258620689655173,0.2190322580645161,0.07436759715217052,0.037405820374438396,0.0340710296779831,0.16735509914030783,0.010032747213848253,0.10101525445522101,0.24626822379255622,0.05519994872488528
c.124,3752.0,5.0,0.4615261136097473,0.912730715468592,0.5273958874306148,0.8643519208335879,0.8188741394443355,0.33510803884935064,0.773601561836856,0.3136486226639438,0.18626732362927456,0.06324881780848954,0.29391866152777774,0.04795462207210608,0.08547137182771798,0.14818831181307962,0.1924354006712234,0.14139432988728734
a.134,98.0,1.0,0.6990291262135923,0.8412280701754385,0.7700879119835512,0.6836734693877551,0.7320175438596491,0.5538461538461539,0.9473684210526316,0.5373134328358209,,,,,,,,
d.15,995.0,2.0,0.38548387096774195,0.8522567569320252,0.40952369790125487,0.8071378389121533,0.7571672587290017,0.26537258989056794,0.7048155096935584,0.24502487562189051,0.16195026278788666,0.08536719081797862,0.32581928346703437,0.03564719701231169,0.10540050721637784,0.1147804910576392,0.27240636473478,0.12488701856777336
b.36,188.0,2.0,0.4100758396533044,0.6799259563965446,0.44857443413072773,0.5397959183673469,0.6035496366378719,0.2855392156862745,0.7272727272727273,0.2661777394305435,0.18156479646935186,0.12935022031824664,0.14701607697370805,0.08514142875511495,0.16457224361943187,0.12651665447700486,0.32141217326661253,0.1445938801908644
d.127,4453.0,17.0,0.6402019902184245,0.9528419447907924,0.7051690452775424,0.9047550896973713,0.8760118346676534,0.5196555128419088,0.8396575627649795,0.47228344277535267,0.04474247652488184,0.012525290147415742,0.05025241200241601,0.013010063955322391,0.02506664335234062,0.053089259399774553,0.04703181033651314,0.04770758198989863
d.13,2250.0,8.0,0.37033982280212685,0.7739918880645866,0.33197301356518755,0.7276882877847803,0.6706747024882511,0.27376133769200633,0.6118780880921784,0.23029880546190917,0.08511031640207473,0.056541738883540915,0.1522659253507455,0.10692120109857199,0.06752637021108777,0.05536184933964761,0.22282729336819534,0.06678423310957292
c.123,9342.0,9.0,0.25999739784516473,0.7791211427233754,0.178129408599338,0.8776491649876509,0.6516851598683646,0.2001345270280688,0.40309500693096556,0.15044849339156363,0.05464974857864532,0.04487837956038142,0.061363261887101866,0.06779513372900563,0.04679081987334808,0.03757087917198854,0.1509551649428006,0.036739718955557485
f.4,697.0,1.0,0.2601626016260163,0.8718769357836053,0.3548211645285105,0.8694404591104734,0.7174788354325832,0.1702127659574468,0.5517241379310345,0.1495327102803738,,,,,,,,
f.26,6932.0,7.0,0.07543653084711323,0.7231353335672825,0.05246514581637111,0.8790670025533039,0.5497355814436349,0.04676238607089468,0.20235481105046318,0.039413264225578386,0.030010385184420892,0.038120104290853,0.007259705160545249,0.017445110454396902,0.0458614543602927,0.017052310895883084,0.10739552942268765,0.016204889199650577
d.322,1374.0,1.0,0.1724137931034483,0.8854434090036185,0.2016912553848575,0.965065502183406,0.5615840223170067,0.238095238095238,0.1351351351351351,0.0943396226415094,,,,,,,,
c.4,4042.0,4.0,0.32918358033080125,0.8576318249297955,0.28534676993778896,0.8718165832009184,0.7164691746508116,0.25566308691308687,0.5451191649175499,0.21884532800971584,0.24459044397446492,0.06294096211481456,0.3042870475470238,0.03451040439010815,0.09556791211421631,0.23860570302895112,0.1823391725728084,0.19941295824528713
d.90,7177.0,15.0,0.3536154320623902,0.8520993397127744,0.31381104288658024,0.8088031862360562,0.7459006891921375,0.24886580909986497,0.6736837662534256,0.21836492506863514,0.0933350261707812,0.05166267100402595,0.11262520513774303,0.06245773410209665,0.06995342511309867,0.07736398461732022,0.18317831919689892,0.0677544718935306
d.68,8779.0,11.0,0.547331863311281,0.9329030597160287,0.5742897160640927,0.9318857102499805,0.7959250171663631,0.4803591912201894,0.6471503487969016,0.42300288184838986,0.3003454489862665,0.06159499243345783,0.3212108354709829,0.03258499588360468,0.16775527159043874,0.2662376418251539,0.3455217502049894,0.24655052604534183
b.61,6644.0,28.0,0.31122167957929175,0.6769225045200143,0.24918027614885419,0.6514407886962921,0.6256487582593859,0.21779286267167142,0.6012529222973022,0.19017789456371634,0.11641920857710829,0.08455977219750856,0.11700110302258329,0.11274699453529505,0.08510524374210449,0.09999931042720946,0.2057004798332466,0.08899300495132957
f.21,7426.0,6.0,0.08298078495009438,0.8035980912553424,0.10077122895934192,0.8602374021521705,0.603429517293217,0.04794174858922745,0.34086350787454567,0.045597196220661156,0.09737270390535337,0.05568655901818707,0.11884918674172475,0.11204236996446916,0.16341639579911577,0.054368934581874334,0.4375836495103114,0.05460449932195606
d.258,1846.0,2.0,0.3221153846153846,0.8466745008418097,0.30570075879028275,0.8783093193271346,0.7130008025277248,0.23931669134757774,0.5292929292929293,0.20026455026455026,0.19717400629240273,0.019677920335039383,0.2753018214793154,0.007427908553879543,0.07463241061584386,0.17359793094287887,0.1514208460722708,0.14104722566525313
b.160,536.0,1.0,0.1708542713567839,0.8023561318755827,0.1265104667948454,0.6921641791044776,0.7145944571573861,0.096590909090909,0.7391304347826086,0.0934065934065934,,,,,,,,
d.261,479.0,1.0,0.4246575342465753,0.8936781609195402,0.4317411301042475,0.824634655532359,0.7706635318704285,0.3039215686274509,0.7045454545454546,0.2695652173913043,,,,,,,,
g.39,2883.0,3.0,0.06479160865125773,0.7039990540124835,0.07593649031052026,0.8983727980619772,0.526991677099241,0.04375644994840037,0.1281464530892448,0.03415384615384614,0.060685178165261845,0.04841707042791701,0.010729415611714373,0.060767591353021615,0.025621580995214277,0.042202280021901496,0.11247785562878262,0.032216721741408036
d.190,656.0,1.0,0.1066666666666666,0.7061577004219409,0.0750050002552325,0.8978658536585366,0.5461497890295359,0.0784313725490196,0.1666666666666666,0.056338028169014,,,,,,,,
e.17,3513.0,4.0,0.3051305790114822,0.9096625732548755,0.34083514320484043,0.8810728659012743,0.7771923103475897,0.21330225134408598,0.6693370992151481,0.19353274033871048,0.20980510636848135,0.049383767446259226,0.2805756601507198,0.05946252914567713,0.18180277277116277,0.13546532293820035,0.4342875122486844,0.1461842716614988
d.210,3921.0,4.0,0.2684065934065934,0.8175154982137669,0.30593438992053595,0.9004487651981565,0.6766267620521421,0.1944013112491373,0.4409064132409721,0.17232973601644483,0.243086800731948,0.10114330108835495,0.30885522721654624,0.05560913318660619,0.18088258068467325,0.16858940316830826,0.4264336956873345,0.16454475332357407
d.63,528.0,3.0,0.5600675390460109,0.842118390229901,0.6250623700610421,0.7556818181818182,0.7768950862476043,0.4298791486291486,0.8114543114543115,0.39113756613756606,0.0708533060242356,0.03553661855729375,0.13973005397677313,0.024766471270117454,0.022677093248786716,0.07466065958275336,0.026067733720114665,0.06656304935748154
d.37,4380.0,11.0,0.4143653947927986,0.8481927496478797,0.40509586060917974,0.8092796535105123,0.7625420250034963,0.30504796517532373,0.7131810182750205,0.27418208452134607,0.16473865518734507,0.10894862276349938,0.21892149471679884,0.08420168134767585,0.11307441171700586,0.1395759256109169,0.27409799465993845,0.1375710497631369
a.39,3384.0,12.0,0.4531629429408994,0.8238114114236276,0.48408829314554036,0.7858973391544013,0.7272529612880199,0.3819875427713058,0.6630020317520318,0.31594263531919003,0.2186783632488614,0.09917172024812343,0.24889878302151408,0.16328571724190474,0.11618421739125571,0.24149452888987474,0.24913592867005163,0.17886843661648238
d.230,1596.0,2.0,0.0,0.5834667226712681,0.045593560574076,0.9537728026533997,0.491025641025641,0.0,0.0,0.0,0.0,0.021115217140349838,0.006756507511877035,0.026091419372140375,0.012691660175143194,0.0,0.0,0.0
d.48,891.0,3.0,0.3066959433983188,0.7237721823254227,0.2303558908948158,0.7597904625196926,0.6616186042906816,0.21831550802139033,0.5399385560675882,0.18121345029239763,0.01822429457159885,0.01111371147605784,0.028542797659377228,0.05782781950666575,0.029046371579482817,0.028970005225743525,0.10739238900773221,0.012636476673942682
d.52,293.0,1.0,0.419047619047619,0.902089552238806,0.3896049485057166,0.7918088737201365,0.8317910447761194,0.275,0.88,0.2650602409638554,,,,,,,,
a.96,436.0,2.0,0.4791208791208791,0.9003564314236596,0.5819763688426406,0.8253968253968254,0.8040564053052797,0.3849206349206349,0.7733990147783252,0.32567049808429116,0.19270602388380642,0.010191662671275074,0.09186478893127137,0.1066272130360667,0.006925038155505407,0.24131421897636154,0.11843167763715567,0.16797172579910324
d.178,3283.0,11.0,0.5201089887582633,0.9274577177950518,0.6143595453612437,0.8821294373268198,0.8145512284299639,0.41332771194842316,0.7306096423124288,0.3535418708963521,0.06113549621344668,0.025495880187413566,0.06562351911941636,0.025524825997126625,0.047759294682672815,0.07927821819846528,0.1002107272767154,0.055731997869451017
d.220,213.0,1.0,0.2222222222222222,0.5552118039029034,0.2633005315287374,0.704225352112676,0.5736554021894336,0.1525423728813559,0.4090909090909091,0.125,,,,,,,,
f.54,3238.0,7.0,0.4711968823624626,0.8592658659439697,0.5007563926445737,0.8930832119971193,0.7201162747688189,0.4759422923708638,0.5226357567371392,0.3094513907637804,0.05076378289909049,0.0251408036757649,0.06509872062284193,0.10308033886482268,0.02672378496239583,0.11729929823161181,0.1524611662046954,0.043540422057162464
g.40,55.0,1.0,0.4411764705882353,0.6016666666666667,0.3692130449165174,0.3090909090909091,0.525,0.2830188679245283,1.0,0.2830188679245283,,,,,,,,
b.34,109.0,1.0,0.7037037037037037,0.8138888888888889,0.8006831834758712,0.7064220183486238,0.7269097222222223,0.6031746031746031,0.8444444444444444,0.5428571428571428,,,,,,,,
d.56,7257.0,4.0,0.2422433522231909,0.906090008382635,0.32942259232743626,0.9017759867150805,0.6972911306137649,0.17587959069245862,0.4893269209058683,0.15031842818428182,0.21154363518436206,0.05179432154716885,0.27317142302228714,0.086198687008314,0.20530488662156843,0.11553873568877283,0.5091542495976723,0.13854575168156258
c.140,1060.0,2.0,0.3931700339710352,0.8905589388431658,0.35133446823743797,0.8509143855976704,0.7577254842756316,0.2849141150112024,0.6479460847240051,0.24473684210526309,0.014412689621896343,0.0013606495274464164,0.0069356502356242265,0.021744429050617516,0.028488764071653364,0.0322132290159667,0.08850181150922773,0.011164843913471837
j.129,914.0,1.0,0.3720930232558139,0.8465789045993825,0.2357399536679031,0.9409190371991248,0.7086624410856492,0.3137254901960784,0.4571428571428571,0.2285714285714285,,,,,,,,
a.127,1308.0,1.0,0.1632653061224489,0.7924855082708893,0.1645374081281694,0.9686544342507644,0.5819666336773647,0.1481481481481481,0.1818181818181818,0.0888888888888888,,,,,,,,
d.287,2711.0,4.0,0.16371772839376605,0.7847427703975894,0.19140216585770853,0.9249229745506926,0.571262181425362,0.14859948165869213,0.18547254150702422,0.0930429985116828,0.12646632248354106,0.06404849797124285,0.09865619389731396,0.020602385674140463,0.06972309568134935,0.10521851143535803,0.1529562961446133,0.07523425414748831
d.154,3297.0,3.0,0.16977671451355658,0.8775381229057205,0.14274714324814197,0.9317532284140505,0.6244740311546773,0.11811642901667445,0.3023504273504274,0.0927912586916418,0.011424123413139581,0.004696815598314664,0.015350768575880672,0.003371603482851773,0.0047200018643838385,0.010007395279262274,0.009252408160090155,0.006828726036048463
e.51,4390.0,2.0,0.3318727808415804,0.8687494278957875,0.23581292542515164,0.9295467829702582,0.766522363607361,0.23102646118057568,0.5934065934065934,0.19953281182094734,0.052030067604117096,0.013930579590977713,0.06493402567028553,0.012046718704849937,0.021336293336960303,0.045440709113761905,0.031081616755452686,0.03741427666643295
d.80,231.0,1.0,0.2727272727272727,0.6835284280936456,0.1835605613381578,0.6536796536796536,0.6530100334448161,0.1724137931034483,0.6521739130434783,0.1578947368421052,,,,,,,,
c.17,1403.0,3.0,0.28908731347755734,0.8453621531724339,0.29183030077707073,0.8774682395644282,0.6870430888211941,0.21398516616745109,0.46949494949494947,0.17211328976034854,0.11047807675819993,0.127997923172241,0.145589586246147,0.007251169189387808,0.11994430555213227,0.058622197703911916,0.2547800746529429,0.07309847089240794
h.4,1287.0,1.0,0.1298701298701298,0.8036105577689243,0.0915162512444434,0.947940947940948,0.5621887450199203,0.1111111111111111,0.15625,0.0694444444444444,,,,,,,,
c.52,893.0,5.0,0.3842256452440825,0.8321294077769602,0.48712731747800503,0.7950599460171992,0.7638080613980593,0.2768803418803419,0.7173039215686274,0.24722067406277928,0.16408548216386312,0.1577671910123391,0.16347115483345484,0.019041189060243165,0.14675419269301881,0.08538008081522654,0.35698702317789704,0.11631804519527295
d.130,1508.0,2.0,0.2702114427860696,0.8442416598088411,0.23560784595712075,0.8097918264798407,0.7158536723019849,0.1735775659385286,0.6096723044397463,0.1563885809312638,0.030342268595691453,0.005158133350620348,0.05205344796367484,0.009786023837932568,0.0327751143249652,0.020282505457879414,0.05867640837541647,0.020284243861642903
c.143,1237.0,1.0,0.1890547263681592,0.7929734480525488,0.1229278569649092,0.8682295877122069,0.7031062077898048,0.1151515151515151,0.5277777777777778,0.1043956043956044,,,,,,,,
b.121,4642.0,7.0,0.36009071578184565,0.8693493395340212,0.2919800868288368,0.8902876172134718,0.7363349125799709,0.26974817904628345,0.5624870937785577,0.22113669010279763,0.06219538402532765,0.0038928605537981178,0.04013295842733785,0.00931213474301512,0.012278481145184027,0.07149972984597187,0.024994215480551016,0.047902521460742954
b.43,912.0,4.0,0.3059385412908292,0.6913037946982447,0.35580929776072545,0.6366983686678555,0.5988959253103743,0.20884966097732055,0.5724497276916631,0.19143027525601938,0.18911510571501053,0.1690481365888712,0.2724618584326557,0.04525141979935849,0.12430065209677942,0.13079162501405026,0.34134766052007354,0.12963428204667368
b.6,512.0,1.0,0.3939393939393939,0.9133463541666668,0.514654171683988,0.84375,0.8291666666666666,0.26,0.8125,0.2452830188679245,,,,,,,,
c.104,699.0,3.0,0.5024013024013024,0.8841457995299461,0.5886394847455435,0.8555078683834049,0.7443236202269006,0.4419602529358628,0.5960756995239754,0.33805555555555555,0.08135985982268505,0.01629441062174939,0.046493675857593605,0.013111804563536009,0.014243499739546498,0.11284166358500226,0.013231604556498258,0.0713769985774544
a.26,740.0,2.0,0.19323812299621101,0.6520722196701761,0.1960048097417745,0.8541224489795918,0.5748768726615723,0.22813238770685576,0.23785425101214575,0.11093189964157704,0.15292137325573252,0.15767398041678604,0.13919797062030687,0.08219755562527696,0.07962651118302924,0.008358236184238123,0.2619444148929923,0.09402746086745851
b.42,131.0,1.0,0.2553191489361702,0.7306306306306306,0.3167489971327429,0.732824427480916,0.5554054054054054,0.2222222222222222,0.3,0.1463414634146341,,,,,,,,
a.4,103.0,1.0,0.3684210526315789,0.8613636363636363,0.5549972607121357,0.5339805825242718,0.6996212121212121,0.2295081967213114,0.9333333333333332,0.2258064516129032,,,,,,,,
b.2,316.0,1.0,0.3448275862068966,0.7427104523878718,0.2971393035730625,0.759493670886076,0.6645355032451807,0.2531645569620253,0.5405405405405406,0.2083333333333333,,,,,,,,
c.65,2905.0,5.0,0.30225772431849557,0.8225663318784674,0.26967885663155766,0.8227658394899546,0.7061518297545176,0.21287290203695397,0.5745399650405212,0.17873547625933622,0.0463504893352638,0.05180891965931929,0.09202280565830938,0.07521015462699579,0.07552409818813344,0.019480504749694354,0.2239067704581308,0.03207035934396403
c.132,1746.0,2.0,0.3098774836539072,0.8891725625871083,0.23884754673399877,0.8596792668957618,0.7817906963560188,0.19931208318017113,0.6961538461538461,0.1833637050535579,0.009201859337474954,0.0027490671044920227,0.007508747864684969,0.0024299202102631198,0.003935944683098198,0.007166497335976697,0.0054392829322041925,0.006442814798135154
d.159,3150.0,2.0,0.2784800876872488,0.9492221114248327,0.2385825527881249,0.9161904761904762,0.8332095093669054,0.1712010617120106,0.7471264367816092,0.1619155652002367,0.027798571302766747,0.007953369005416327,0.01037449835804539,0.03367175148507365,0.03916561207761289,0.015014875247491392,0.11378729812197319,0.018762253318127982
d.216,615.0,2.0,0.4637789395070948,0.9512931496178003,0.6601414320420111,0.8308779982232751,0.8791604589642469,0.3082579185520362,0.9365217391304348,0.3018987341772152,0.0031685143294393394,0.009551799961906781,0.046101636618108364,0.014186107321702278,0.007205220371582298,0.0007998945488535578,0.0332032749426726,0.0026852156247590556
e.1,1798.0,3.0,0.15299107795816877,0.6916804441709666,0.16733141229852078,0.855126247187355,0.5866269437240718,0.10527766294612097,0.2901234567901234,0.0864128406121687,0.13252975779865295,0.20540584630861414,0.11671259133560372,0.042288768369139515,0.1249230983602606,0.09190495677222214,0.25947962416029263,0.07486136946370288
d.139,1736.0,3.0,0.3214313986033756,0.8683772917418581,0.42892545938609233,0.8099538354746896,0.7664056950018199,0.2077553798288825,0.7164835164835165,0.1916962440685749,0.026954284694616776,0.015983640684419556,0.08561457010448811,0.012484722969605176,0.02061966734562805,0.02299983315083231,0.047697877833430144,0.019138653389714672
d.224,1334.0,2.0,0.27878787878787875,0.8531372021967357,0.3642136654546832,0.8395557592659284,0.6770273867106671,0.1918080871569243,0.5177478580171357,0.1851473343553057,0.34039079683092677,0.10936489682229837,0.45109830523003375,0.08363705535340324,0.23665533621183715,0.2383689107331144,0.5833414571844957,0.2343774137606918
d.147,630.0,2.0,0.5926829268292683,0.8474090909090909,0.6745660182179389,0.8952380952380953,0.769090909090909,0.5857142857142856,0.6,0.42118226600985215,0.010347904114925095,0.006621090769292131,0.004748813484724576,0.004489566864676476,0.002571297386132838,0.02020305089104422,0.0,0.010449853909160789
h.1,230.0,1.0,0.1186440677966101,0.5051020408163265,0.1405968391381012,0.5478260869565217,0.4065126050420168,0.0833333333333333,0.2058823529411764,0.063063063063063,,,,,,,,
c.145,299.0,1.0,0.5777777777777777,0.9843617920540996,0.8868275751596184,0.8729096989966555,0.9304029304029304,0.40625,1.0,0.40625,,,,,,,,
c.146,420.0,1.0,0.549618320610687,0.8766241039426524,0.5999130534809717,0.8595238095238096,0.8118279569892473,0.4337349397590361,0.75,0.3789473684210526,,,,,,,,
a.204,737.0,3.0,0.6131427770772033,0.902935739732473,0.6400184117732447,0.9076444103138521,0.7772975902399678,0.6268009690169577,0.6061302681992337,0.44360269360269355,0.054679287685786455,0.034445868691887524,0.10343620447980578,0.013554486691963871,0.036114384679153046,0.07409678934518878,0.08163617275763631,0.056822858019318793
d.280,383.0,1.0,0.4038461538461538,0.9604051565377532,0.5688925552875216,0.8381201044386423,0.9143646408839778,0.253012048192771,1.0,0.253012048192771,,,,,,,,
e.74,401.0,1.0,0.6161616161616161,0.9528468100890208,0.7921997088125156,0.8104738154613467,0.8682538946587537,0.4552238805970149,0.953125,0.4452554744525547,,,,,,,,
d.275,287.0,1.0,0.4247787610619469,0.9333922782198644,0.6694255505413603,0.7735191637630662,0.8408488063660478,0.2758620689655172,0.9230769230769232,0.2696629213483146,,,,,,,,
a.11,174.0,1.0,0.1964285714285714,0.5849056603773585,0.1010714278527801,0.4827586206896552,0.5962264150943396,0.1134020618556701,0.7333333333333333,0.1089108910891089,,,,,,,,
